[2025-05-24 23:11:39Z INFO HostContext] No proxy settings were found based on environmental variables (http_proxy/https_proxy/HTTP_PROXY/HTTPS_PROXY)
[2025-05-24 23:11:39Z INFO HostContext] Well known directory 'Bin': '/Users/nadav/github_action/github-action/actions-runner/bin'
[2025-05-24 23:11:39Z INFO HostContext] Well known directory 'Root': '/Users/nadav/github_action/github-action/actions-runner'
[2025-05-24 23:11:39Z INFO HostContext] Well known config file 'Credentials': '/Users/nadav/github_action/github-action/actions-runner/.credentials'
[2025-05-24 23:11:40Z INFO HostContext] Well known directory 'Bin': '/Users/nadav/github_action/github-action/actions-runner/bin'
[2025-05-24 23:11:40Z INFO HostContext] Well known directory 'Root': '/Users/nadav/github_action/github-action/actions-runner'
[2025-05-24 23:11:40Z INFO HostContext] Well known config file 'Runner': '/Users/nadav/github_action/github-action/actions-runner/.runner'
[2025-05-24 23:11:40Z INFO Worker] Version: 2.324.0
[2025-05-24 23:11:40Z INFO Worker] Commit: da3412efd49b1cf1a0fbdcbcee4e4ac4cc2177c8
[2025-05-24 23:11:40Z INFO Worker] Culture: en-US
[2025-05-24 23:11:40Z INFO Worker] UI Culture: en-US
[2025-05-24 23:11:40Z INFO Worker] Waiting to receive the job message from the channel.
[2025-05-24 23:11:40Z INFO ProcessChannel] Receiving message of length 18872, with hash '395d2f316fcaf33be784f97dd92af20f1fe5981882e9490738f5c360c71fc11b'
[2025-05-24 23:11:40Z INFO Worker] Message received.
[2025-05-24 23:11:40Z INFO Worker] Job message:
 {
  "fileTable": [
    ".github/workflows/cd.yaml"
  ],
  "mask": [
    {
      "type": "regex",
      "value": "***"
    },
    {
      "type": "regex",
      "value": "***"
    },
    {
      "type": "regex",
      "value": "***"
    },
    {
      "type": "regex",
      "value": "***"
    },
    {
      "type": "regex",
      "value": "***"
    },
    {
      "type": "regex",
      "value": "***"
    },
    {
      "type": "regex",
      "value": "***"
    },
    {
      "type": "regex",
      "value": "***"
    },
    {
      "type": "regex",
      "value": "***"
    },
    {
      "type": "regex",
      "value": "***"
    },
    {
      "type": "regex",
      "value": "***"
    },
    {
      "type": "regex",
      "value": "***"
    },
    {
      "type": "regex",
      "value": "***"
    },
    {
      "type": "regex",
      "value": "***"
    },
    {
      "type": "regex",
      "value": "***"
    },
    {
      "type": "regex",
      "value": "***"
    },
    {
      "type": "regex",
      "value": "***"
    },
    {
      "type": "regex",
      "value": "***"
    }
  ],
  "steps": [
    {
      "type": "action",
      "reference": {
        "type": "repository",
        "name": "actions/checkout",
        "ref": "v3",
        "repositoryType": "GitHub"
      },
      "displayNameToken": {
        "type": 0,
        "file": 1,
        "line": 12,
        "col": 15,
        "lit": "Checkout code"
      },
      "contextName": "__actions_checkout",
      "condition": "success()",
      "id": "deb8f483-5bd9-4dc5-9f2e-040274a0f623",
      "name": "__actions_checkout"
    },
    {
      "type": "action",
      "reference": {
        "type": "script"
      },
      "displayNameToken": {
        "type": 0,
        "file": 1,
        "line": 15,
        "col": 15,
        "lit": "Set KUBECONFIG"
      },
      "contextName": "__run",
      "inputs": {
        "type": 2,
        "map": [
          {
            "key": "script",
            "value": {
              "type": 0,
              "file": 1,
              "line": 16,
              "col": 14,
              "lit": "echo \"KUBECONFIG=$HOME/.kube/config\" >> $GITHUB_ENV"
            }
          }
        ]
      },
      "condition": "success()",
      "id": "d134ae06-8ee4-4d2f-9bfb-b5957ce52f2b",
      "name": "__run"
    },
    {
      "type": "action",
      "reference": {
        "type": "script"
      },
      "displayNameToken": {
        "type": 0,
        "file": 1,
        "line": 18,
        "col": 15,
        "lit": "Run kubectl command"
      },
      "contextName": "__run_2",
      "inputs": {
        "type": 2,
        "map": [
          {
            "key": "script",
            "value": {
              "type": 0,
              "file": 1,
              "line": 19,
              "col": 14,
              "lit": "kubectl get pods -A"
            }
          }
        ]
      },
      "condition": "success()",
      "id": "fbaf994c-5d9b-4981-b1cc-71927c3b6764",
      "name": "__run_2"
    }
  ],
  "variables": {
    "Actions.EnableHttpRedirects": {
      "value": "true"
    },
    "DistributedTask.AddWarningToNode12Action": {
      "value": "true"
    },
    "DistributedTask.AddWarningToNode16Action": {
      "value": "true"
    },
    "DistributedTask.AllowRunnerContainerHooks": {
      "value": "true"
    },
    "DistributedTask.DeprecateStepOutputCommands": {
      "value": "true"
    },
    "DistributedTask.DetailUntarFailure": {
      "value": "true"
    },
    "DistributedTask.EnableCompositeActions": {
      "value": "true"
    },
    "DistributedTask.EnableJobServerQueueTelemetry": {
      "value": "true"
    },
    "DistributedTask.EnhancedAnnotations": {
      "value": "true"
    },
    "DistributedTask.ForceGithubJavascriptActionsToNode16": {
      "value": "true"
    },
    "DistributedTask.ForceGithubJavascriptActionsToNode20": {
      "value": "true"
    },
    "DistributedTask.LogTemplateErrorsAsDebugMessages": {
      "value": "true"
    },
    "DistributedTask.MarkJobAsFailedOnWorkerCrash": {
      "value": "true"
    },
    "DistributedTask.NewActionMetadata": {
      "value": "true"
    },
    "DistributedTask.UploadStepSummary": {
      "value": "true"
    },
    "DistributedTask.UseActionArchiveCache": {
      "value": "true"
    },
    "DistributedTask.UseWhich2": {
      "value": "true"
    },
    "RunService.FixEmbeddedIssues": {
      "value": "true"
    },
    "actions_add_check_run_id_to_job_context": {
      "value": "false"
    },
    "actions_skip_retry_complete_job_upon_known_errors": {
      "value": "true"
    },
    "actions_uses_cache_service_v2": {
      "value": "true"
    },
    "github_token": {
      "value": "***",
      "isSecret": true
    },
    "system.from_run_service": {
      "value": "true"
    },
    "system.github.job": {
      "value": "deploy-local"
    },
    "system.github.launch_endpoint": {
      "value": "https://launch.actions.githubusercontent.com"
    },
    "system.github.results_endpoint": {
      "value": "https://results-receiver.actions.githubusercontent.com/"
    },
    "system.github.results_upload_with_sdk": {
      "value": "true"
    },
    "system.github.token": {
      "value": "***",
      "isSecret": true
    },
    "system.github.token.permissions": {
      "value": "{\"Contents\":\"read\",\"Metadata\":\"read\",\"Packages\":\"read\"}"
    },
    "system.orchestrationId": {
      "value": "8820c139-9cfe-469a-aeb1-0f2a9ced2469.deploy-local.__default"
    },
    "system.phaseDisplayName": {
      "value": "Deploy to Docker Desktop Kubernetes"
    },
    "system.runner.lowdiskspacethreshold": {
      "value": "100"
    },
    "system.runnerEnvironment": {
      "value": "self-hosted"
    }
  },
  "messageType": "RunnerJobRequest",
  "plan": {
    "scopeIdentifier": "00000000-0000-0000-0000-000000000000",
    "planType": "actions",
    "version": 0,
    "planId": "8820c139-9cfe-469a-aeb1-0f2a9ced2469",
    "planGroup": null,
    "artifactUri": null,
    "artifactLocation": null,
    "definition": null,
    "owner": null
  },
  "timeline": {
    "id": "8820c139-9cfe-469a-aeb1-0f2a9ced2469",
    "changeId": 0,
    "location": null
  },
  "jobId": "aa425d6d-a2df-5e39-8546-5a657692d313",
  "jobDisplayName": "Deploy to Docker Desktop Kubernetes",
  "jobName": "__default",
  "requestId": 0,
  "lockedUntil": "0001-01-01T00:00:00",
  "resources": {
    "endpoints": [
      {
        "data": {
          "ServerId": "",
          "ServerName": "",
          "CacheServerUrl": "https://acghubeus2.actions.githubusercontent.com/aX6AGxlTIzwqnB78O7VB8eDkl6ZqDVRWYQyowtYoLBRcQO7rdW/",
          "FeedStreamUrl": "wss://results-receiver.actions.githubusercontent.com/_ws/ingest.sock",
          "ResultsServiceUrl": "https://results-receiver.actions.githubusercontent.com/",
          "PipelinesServiceUrl": "https://pipelinesghubeus14.actions.githubusercontent.com/aX6AGxlTIzwqnB78O7VB8eDkl6ZqDVRWYQyowtYoLBRcQO7rdW/",
          "GenerateIdTokenUrl": ""
        },
        "name": "SystemVssConnection",
        "url": "https://run-actions-2-azure-eastus.actions.githubusercontent.com/7/",
        "authorization": {
          "parameters": {
            "AccessToken": "***"
          },
          "scheme": "OAuth"
        },
        "isShared": false,
        "isReady": true
      }
    ]
  },
  "contextData": {
    "github": {
      "t": 2,
      "d": [
        {
          "k": "ref",
          "v": "refs/heads/devops"
        },
        {
          "k": "sha",
          "v": "afc6596d313c5cbd0e51206eafb387e5c79595d3"
        },
        {
          "k": "repository",
          "v": "Danielnadav/github-action"
        },
        {
          "k": "repository_owner",
          "v": "Danielnadav"
        },
        {
          "k": "repository_owner_id",
          "v": "49799684"
        },
        {
          "k": "repositoryUrl",
          "v": "git://github.com/Danielnadav/github-action.git"
        },
        {
          "k": "run_id",
          "v": "15231794187"
        },
        {
          "k": "run_number",
          "v": "10"
        },
        {
          "k": "retention_days",
          "v": "90"
        },
        {
          "k": "run_attempt",
          "v": "2"
        },
        {
          "k": "artifact_cache_size_limit",
          "v": "10"
        },
        {
          "k": "repository_visibility",
          "v": "public"
        },
        {
          "k": "actor_id",
          "v": "49799684"
        },
        {
          "k": "actor",
          "v": "Danielnadav"
        },
        {
          "k": "workflow",
          "v": "Kubernetes Workflow"
        },
        {
          "k": "head_ref",
          "v": ""
        },
        {
          "k": "base_ref",
          "v": ""
        },
        {
          "k": "event_name",
          "v": "push"
        },
        {
          "k": "server_url",
          "v": "https://github.com"
        },
        {
          "k": "api_url",
          "v": "https://api.github.com"
        },
        {
          "k": "graphql_url",
          "v": "https://api.github.com/graphql"
        },
        {
          "k": "ref_name",
          "v": "devops"
        },
        {
          "k": "ref_protected",
          "v": false
        },
        {
          "k": "ref_type",
          "v": "branch"
        },
        {
          "k": "secret_source",
          "v": "Actions"
        },
        {
          "k": "event",
          "v": {
            "t": 2,
            "d": [
              {
                "k": "after",
                "v": "afc6596d313c5cbd0e51206eafb387e5c79595d3"
              },
              {
                "k": "base_ref",
                "v": null
              },
              {
                "k": "before",
                "v": "c09e9d01382f1dc0f72d91fae1369bb1d5616b44"
              },
              {
                "k": "commits",
                "v": {
                  "t": 1,
                  "a": [
                    {
                      "t": 2,
                      "d": [
                        {
                          "k": "author",
                          "v": {
                            "t": 2,
                            "d": [
                              {
                                "k": "email",
                                "v": ""
                              },
                              {
                                "k": "name",
                                "v": "nadav daniel"
                              }
                            ]
                          }
                        },
                        {
                          "k": "committer",
                          "v": {
                            "t": 2,
                            "d": [
                              {
                                "k": "email",
                                "v": ""
                              },
                              {
                                "k": "name",
                                "v": "nadav daniel"
                              }
                            ]
                          }
                        },
                        {
                          "k": "distinct",
                          "v": true
                        },
                        {
                          "k": "id",
                          "v": "afc6596d313c5cbd0e51206eafb387e5c79595d3"
                        },
                        {
                          "k": "message",
                          "v": "vv"
                        },
                        {
                          "k": "timestamp",
                          "v": "2025-05-25T02:03:46+03:00"
                        },
                        {
                          "k": "tree_id",
                          "v": "f89e044219088592dbe7534d9cd768b673b25fa8"
                        },
                        {
                          "k": "url",
                          "v": "https://github.com/Danielnadav/github-action/commit/afc6596d313c5cbd0e51206eafb387e5c79595d3"
                        }
                      ]
                    }
                  ]
                }
              },
              {
                "k": "compare",
                "v": "https://github.com/Danielnadav/github-action/compare/c09e9d01382f...afc6596d313c"
              },
              {
                "k": "created",
                "v": false
              },
              {
                "k": "deleted",
                "v": false
              },
              {
                "k": "forced",
                "v": false
              },
              {
                "k": "head_commit",
                "v": {
                  "t": 2,
                  "d": [
                    {
                      "k": "author",
                      "v": {
                        "t": 2,
                        "d": [
                          {
                            "k": "email",
                            "v": ""
                          },
                          {
                            "k": "name",
                            "v": "nadav daniel"
                          }
                        ]
                      }
                    },
                    {
                      "k": "committer",
                      "v": {
                        "t": 2,
                        "d": [
                          {
                            "k": "email",
                            "v": ""
                          },
                          {
                            "k": "name",
                            "v": "nadav daniel"
                          }
                        ]
                      }
                    },
                    {
                      "k": "distinct",
                      "v": true
                    },
                    {
                      "k": "id",
                      "v": "afc6596d313c5cbd0e51206eafb387e5c79595d3"
                    },
                    {
                      "k": "message",
                      "v": "vv"
                    },
                    {
                      "k": "timestamp",
                      "v": "2025-05-25T02:03:46+03:00"
                    },
                    {
                      "k": "tree_id",
                      "v": "f89e044219088592dbe7534d9cd768b673b25fa8"
                    },
                    {
                      "k": "url",
                      "v": "https://github.com/Danielnadav/github-action/commit/afc6596d313c5cbd0e51206eafb387e5c79595d3"
                    }
                  ]
                }
              },
              {
                "k": "pusher",
                "v": {
                  "t": 2,
                  "d": [
                    {
                      "k": "email",
                      "v": "49799684+Danielnadav@users.noreply.github.com"
                    },
                    {
                      "k": "name",
                      "v": "Danielnadav"
                    }
                  ]
                }
              },
              {
                "k": "ref",
                "v": "refs/heads/devops"
              },
              {
                "k": "repository",
                "v": {
                  "t": 2,
                  "d": [
                    {
                      "k": "allow_forking",
                      "v": true
                    },
                    {
                      "k": "archive_url",
                      "v": "https://api.github.com/repos/Danielnadav/github-action/{archive_format}{/ref}"
                    },
                    {
                      "k": "archived",
                      "v": false
                    },
                    {
                      "k": "assignees_url",
                      "v": "https://api.github.com/repos/Danielnadav/github-action/assignees{/user}"
                    },
                    {
                      "k": "blobs_url",
                      "v": "https://api.github.com/repos/Danielnadav/github-action/git/blobs{/sha}"
                    },
                    {
                      "k": "branches_url",
                      "v": "https://api.github.com/repos/Danielnadav/github-action/branches{/branch}"
                    },
                    {
                      "k": "clone_url",
                      "v": "https://github.com/Danielnadav/github-action.git"
                    },
                    {
                      "k": "collaborators_url",
                      "v": "https://api.github.com/repos/Danielnadav/github-action/collaborators{/collaborator}"
                    },
                    {
                      "k": "comments_url",
                      "v": "https://api.github.com/repos/Danielnadav/github-action/comments{/number}"
                    },
                    {
                      "k": "commits_url",
                      "v": "https://api.github.com/repos/Danielnadav/github-action/commits{/sha}"
                    },
                    {
                      "k": "compare_url",
                      "v": "https://api.github.com/repos/Danielnadav/github-action/compare/{base}...{head}"
                    },
                    {
                      "k": "contents_url",
                      "v": "https://api.github.com/repos/Danielnadav/github-action/contents/{+path}"
                    },
                    {
                      "k": "contributors_url",
                      "v": "https://api.github.com/repos/Danielnadav/github-action/contributors"
                    },
                    {
                      "k": "created_at",
                      "v": 1692692789.0
                    },
                    {
                      "k": "default_branch",
                      "v": "devops"
                    },
                    {
                      "k": "deployments_url",
                      "v": "https://api.github.com/repos/Danielnadav/github-action/deployments"
                    },
                    {
                      "k": "description",
                      "v": "github-action"
                    },
                    {
                      "k": "disabled",
                      "v": false
                    },
                    {
                      "k": "downloads_url",
                      "v": "https://api.github.com/repos/Danielnadav/github-action/downloads"
                    },
                    {
                      "k": "events_url",
                      "v": "https://api.github.com/repos/Danielnadav/github-action/events"
                    },
                    {
                      "k": "fork",
                      "v": false
                    },
                    {
                      "k": "forks",
                      "v": 0.0
                    },
                    {
                      "k": "forks_count",
                      "v": 0.0
                    },
                    {
                      "k": "forks_url",
                      "v": "https://api.github.com/repos/Danielnadav/github-action/forks"
                    },
                    {
                      "k": "full_name",
                      "v": "Danielnadav/github-action"
                    },
                    {
                      "k": "git_commits_url",
                      "v": "https://api.github.com/repos/Danielnadav/github-action/git/commits{/sha}"
                    },
                    {
                      "k": "git_refs_url",
                      "v": "https://api.github.com/repos/Danielnadav/github-action/git/refs{/sha}"
                    },
                    {
                      "k": "git_tags_url",
                      "v": "https://api.github.com/repos/Danielnadav/github-action/git/tags{/sha}"
                    },
                    {
                      "k": "git_url",
                      "v": "git://github.com/Danielnadav/github-action.git"
                    },
                    {
                      "k": "has_discussions",
                      "v": false
                    },
                    {
                      "k": "has_downloads",
                      "v": true
                    },
                    {
                      "k": "has_issues",
                      "v": true
                    },
                    {
                      "k": "has_pages",
                      "v": false
                    },
                    {
                      "k": "has_projects",
                      "v": true
                    },
                    {
                      "k": "has_wiki",
                      "v": true
                    },
                    {
                      "k": "homepage",
                      "v": null
                    },
                    {
                      "k": "hooks_url",
                      "v": "https://api.github.com/repos/Danielnadav/github-action/hooks"
                    },
                    {
                      "k": "html_url",
                      "v": "https://github.com/Danielnadav/github-action"
                    },
                    {
                      "k": "id",
                      "v": 681539098.0
                    },
                    {
                      "k": "is_template",
                      "v": false
                    },
                    {
                      "k": "issue_comment_url",
                      "v": "https://api.github.com/repos/Danielnadav/github-action/issues/comments{/number}"
                    },
                    {
                      "k": "issue_events_url",
                      "v": "https://api.github.com/repos/Danielnadav/github-action/issues/events{/number}"
                    },
                    {
                      "k": "issues_url",
                      "v": "https://api.github.com/repos/Danielnadav/github-action/issues{/number}"
                    },
                    {
                      "k": "keys_url",
                      "v": "https://api.github.com/repos/Danielnadav/github-action/keys{/key_id}"
                    },
                    {
                      "k": "labels_url",
                      "v": "https://api.github.com/repos/Danielnadav/github-action/labels{/name}"
                    },
                    {
                      "k": "language",
                      "v": null
                    },
                    {
                      "k": "languages_url",
                      "v": "https://api.github.com/repos/Danielnadav/github-action/languages"
                    },
                    {
                      "k": "license",
                      "v": null
                    },
                    {
                      "k": "master_branch",
                      "v": "devops"
                    },
                    {
                      "k": "merges_url",
                      "v": "https://api.github.com/repos/Danielnadav/github-action/merges"
                    },
                    {
                      "k": "milestones_url",
                      "v": "https://api.github.com/repos/Danielnadav/github-action/milestones{/number}"
                    },
                    {
                      "k": "mirror_url",
                      "v": null
                    },
                    {
                      "k": "name",
                      "v": "github-action"
                    },
                    {
                      "k": "node_id",
                      "v": "R_kgDOKJ92Gg"
                    },
                    {
                      "k": "notifications_url",
                      "v": "https://api.github.com/repos/Danielnadav/github-action/notifications{?since,all,participating}"
                    },
                    {
                      "k": "open_issues",
                      "v": 0.0
                    },
                    {
                      "k": "open_issues_count",
                      "v": 0.0
                    },
                    {
                      "k": "owner",
                      "v": {
                        "t": 2,
                        "d": [
                          {
                            "k": "avatar_url",
                            "v": "https://avatars.githubusercontent.com/u/49799684?v=4"
                          },
                          {
                            "k": "email",
                            "v": "49799684+Danielnadav@users.noreply.github.com"
                          },
                          {
                            "k": "events_url",
                            "v": "https://api.github.com/users/Danielnadav/events{/privacy}"
                          },
                          {
                            "k": "followers_url",
                            "v": "https://api.github.com/users/Danielnadav/followers"
                          },
                          {
                            "k": "following_url",
                            "v": "https://api.github.com/users/Danielnadav/following{/other_user}"
                          },
                          {
                            "k": "gists_url",
                            "v": "https://api.github.com/users/Danielnadav/gists{/gist_id}"
                          },
                          {
                            "k": "gravatar_id",
                            "v": ""
                          },
                          {
                            "k": "html_url",
                            "v": "https://github.com/Danielnadav"
                          },
                          {
                            "k": "id",
                            "v": 49799684.0
                          },
                          {
                            "k": "login",
                            "v": "Danielnadav"
                          },
                          {
                            "k": "name",
                            "v": "Danielnadav"
                          },
                          {
                            "k": "node_id",
                            "v": "MDQ6VXNlcjQ5Nzk5Njg0"
                          },
                          {
                            "k": "organizations_url",
                            "v": "https://api.github.com/users/Danielnadav/orgs"
                          },
                          {
                            "k": "received_events_url",
                            "v": "https://api.github.com/users/Danielnadav/received_events"
                          },
                          {
                            "k": "repos_url",
                            "v": "https://api.github.com/users/Danielnadav/repos"
                          },
                          {
                            "k": "site_admin",
                            "v": false
                          },
                          {
                            "k": "starred_url",
                            "v": "https://api.github.com/users/Danielnadav/starred{/owner}{/repo}"
                          },
                          {
                            "k": "subscriptions_url",
                            "v": "https://api.github.com/users/Danielnadav/subscriptions"
                          },
                          {
                            "k": "type",
                            "v": "User"
                          },
                          {
                            "k": "url",
                            "v": "https://api.github.com/users/Danielnadav"
                          },
                          {
                            "k": "user_view_type",
                            "v": "public"
                          }
                        ]
                      }
                    },
                    {
                      "k": "private",
                      "v": false
                    },
                    {
                      "k": "pulls_url",
                      "v": "https://api.github.com/repos/Danielnadav/github-action/pulls{/number}"
                    },
                    {
                      "k": "pushed_at",
                      "v": 1748127829.0
                    },
                    {
                      "k": "releases_url",
                      "v": "https://api.github.com/repos/Danielnadav/github-action/releases{/id}"
                    },
                    {
                      "k": "size",
                      "v": 270.0
                    },
                    {
                      "k": "ssh_url",
                      "v": "git@github.com:Danielnadav/github-action.git"
                    },
                    {
                      "k": "stargazers",
                      "v": 0.0
                    },
                    {
                      "k": "stargazers_count",
                      "v": 0.0
                    },
                    {
                      "k": "stargazers_url",
                      "v": "https://api.github.com/repos/Danielnadav/github-action/stargazers"
                    },
                    {
                      "k": "statuses_url",
                      "v": "https://api.github.com/repos/Danielnadav/github-action/statuses/{sha}"
                    },
                    {
                      "k": "subscribers_url",
                      "v": "https://api.github.com/repos/Danielnadav/github-action/subscribers"
                    },
                    {
                      "k": "subscription_url",
                      "v": "https://api.github.com/repos/Danielnadav/github-action/subscription"
                    },
                    {
                      "k": "svn_url",
                      "v": "https://github.com/Danielnadav/github-action"
                    },
                    {
                      "k": "tags_url",
                      "v": "https://api.github.com/repos/Danielnadav/github-action/tags"
                    },
                    {
                      "k": "teams_url",
                      "v": "https://api.github.com/repos/Danielnadav/github-action/teams"
                    },
                    {
                      "k": "topics",
                      "v": {
                        "t": 1
                      }
                    },
                    {
                      "k": "trees_url",
                      "v": "https://api.github.com/repos/Danielnadav/github-action/git/trees{/sha}"
                    },
                    {
                      "k": "updated_at",
                      "v": "2025-05-24T23:02:21Z"
                    },
                    {
                      "k": "url",
                      "v": "https://api.github.com/repos/Danielnadav/github-action"
                    },
                    {
                      "k": "visibility",
                      "v": "public"
                    },
                    {
                      "k": "watchers",
                      "v": 0.0
                    },
                    {
                      "k": "watchers_count",
                      "v": 0.0
                    },
                    {
                      "k": "web_commit_signoff_required",
                      "v": false
                    }
                  ]
                }
              },
              {
                "k": "sender",
                "v": {
                  "t": 2,
                  "d": [
                    {
                      "k": "avatar_url",
                      "v": "https://avatars.githubusercontent.com/u/49799684?v=4"
                    },
                    {
                      "k": "events_url",
                      "v": "https://api.github.com/users/Danielnadav/events{/privacy}"
                    },
                    {
                      "k": "followers_url",
                      "v": "https://api.github.com/users/Danielnadav/followers"
                    },
                    {
                      "k": "following_url",
                      "v": "https://api.github.com/users/Danielnadav/following{/other_user}"
                    },
                    {
                      "k": "gists_url",
                      "v": "https://api.github.com/users/Danielnadav/gists{/gist_id}"
                    },
                    {
                      "k": "gravatar_id",
                      "v": ""
                    },
                    {
                      "k": "html_url",
                      "v": "https://github.com/Danielnadav"
                    },
                    {
                      "k": "id",
                      "v": 49799684.0
                    },
                    {
                      "k": "login",
                      "v": "Danielnadav"
                    },
                    {
                      "k": "node_id",
                      "v": "MDQ6VXNlcjQ5Nzk5Njg0"
                    },
                    {
                      "k": "organizations_url",
                      "v": "https://api.github.com/users/Danielnadav/orgs"
                    },
                    {
                      "k": "received_events_url",
                      "v": "https://api.github.com/users/Danielnadav/received_events"
                    },
                    {
                      "k": "repos_url",
                      "v": "https://api.github.com/users/Danielnadav/repos"
                    },
                    {
                      "k": "site_admin",
                      "v": false
                    },
                    {
                      "k": "starred_url",
                      "v": "https://api.github.com/users/Danielnadav/starred{/owner}{/repo}"
                    },
                    {
                      "k": "subscriptions_url",
                      "v": "https://api.github.com/users/Danielnadav/subscriptions"
                    },
                    {
                      "k": "type",
                      "v": "User"
                    },
                    {
                      "k": "url",
                      "v": "https://api.github.com/users/Danielnadav"
                    },
                    {
                      "k": "user_view_type",
                      "v": "public"
                    }
                  ]
                }
              }
            ]
          }
        },
        {
          "k": "workflow_ref",
          "v": "Danielnadav/github-action/.github/workflows/cd.yaml@refs/heads/devops"
        },
        {
          "k": "workflow_sha",
          "v": "afc6596d313c5cbd0e51206eafb387e5c79595d3"
        },
        {
          "k": "repository_id",
          "v": "681539098"
        },
        {
          "k": "triggering_actor",
          "v": "Danielnadav"
        }
      ]
    },
    "inputs": {
      "t": 2
    },
    "matrix": null,
    "needs": {
      "t": 2
    },
    "strategy": {
      "t": 2,
      "d": [
        {
          "k": "fail-fast",
          "v": true
        },
        {
          "k": "job-index",
          "v": 0.0
        },
        {
          "k": "job-total",
          "v": 1.0
        },
        {
          "k": "max-parallel",
          "v": 1.0
        }
      ]
    },
    "vars": {
      "t": 2
    }
  },
  "billingOwnerId": "U_kgDOAvfiBA"
}
[2025-05-24 23:11:40Z INFO JobRunner] Job ID aa425d6d-a2df-5e39-8546-5a657692d313
[2025-05-24 23:11:40Z INFO ConfigurationStore] currentAssemblyLocation: /Users/nadav/github_action/github-action/actions-runner/bin/Runner.Worker.dll
[2025-05-24 23:11:40Z INFO HostContext] Well known directory 'Bin': '/Users/nadav/github_action/github-action/actions-runner/bin'
[2025-05-24 23:11:40Z INFO ConfigurationStore] binPath: /Users/nadav/github_action/github-action/actions-runner/bin
[2025-05-24 23:11:40Z INFO HostContext] Well known directory 'Bin': '/Users/nadav/github_action/github-action/actions-runner/bin'
[2025-05-24 23:11:40Z INFO HostContext] Well known directory 'Root': '/Users/nadav/github_action/github-action/actions-runner'
[2025-05-24 23:11:40Z INFO ConfigurationStore] RootFolder: /Users/nadav/github_action/github-action/actions-runner
[2025-05-24 23:11:40Z INFO HostContext] Well known directory 'Bin': '/Users/nadav/github_action/github-action/actions-runner/bin'
[2025-05-24 23:11:40Z INFO HostContext] Well known directory 'Root': '/Users/nadav/github_action/github-action/actions-runner'
[2025-05-24 23:11:40Z INFO HostContext] Well known config file 'Runner': '/Users/nadav/github_action/github-action/actions-runner/.runner'
[2025-05-24 23:11:40Z INFO ConfigurationStore] ConfigFilePath: /Users/nadav/github_action/github-action/actions-runner/.runner
[2025-05-24 23:11:40Z INFO HostContext] Well known directory 'Bin': '/Users/nadav/github_action/github-action/actions-runner/bin'
[2025-05-24 23:11:40Z INFO HostContext] Well known directory 'Root': '/Users/nadav/github_action/github-action/actions-runner'
[2025-05-24 23:11:40Z INFO HostContext] Well known config file 'MigratedRunner': '/Users/nadav/github_action/github-action/actions-runner/.runner_migrated'
[2025-05-24 23:11:40Z INFO ConfigurationStore] MigratedConfigFilePath: /Users/nadav/github_action/github-action/actions-runner/.runner_migrated
[2025-05-24 23:11:40Z INFO HostContext] Well known directory 'Bin': '/Users/nadav/github_action/github-action/actions-runner/bin'
[2025-05-24 23:11:40Z INFO HostContext] Well known directory 'Root': '/Users/nadav/github_action/github-action/actions-runner'
[2025-05-24 23:11:40Z INFO HostContext] Well known config file 'Credentials': '/Users/nadav/github_action/github-action/actions-runner/.credentials'
[2025-05-24 23:11:40Z INFO ConfigurationStore] CredFilePath: /Users/nadav/github_action/github-action/actions-runner/.credentials
[2025-05-24 23:11:40Z INFO HostContext] Well known directory 'Bin': '/Users/nadav/github_action/github-action/actions-runner/bin'
[2025-05-24 23:11:40Z INFO HostContext] Well known directory 'Root': '/Users/nadav/github_action/github-action/actions-runner'
[2025-05-24 23:11:40Z INFO HostContext] Well known config file 'MigratedCredentials': '/Users/nadav/github_action/github-action/actions-runner/.credentials_migrated'
[2025-05-24 23:11:40Z INFO ConfigurationStore] MigratedCredFilePath: /Users/nadav/github_action/github-action/actions-runner/.credentials_migrated
[2025-05-24 23:11:40Z INFO HostContext] Well known directory 'Bin': '/Users/nadav/github_action/github-action/actions-runner/bin'
[2025-05-24 23:11:40Z INFO HostContext] Well known directory 'Root': '/Users/nadav/github_action/github-action/actions-runner'
[2025-05-24 23:11:40Z INFO HostContext] Well known config file 'Service': '/Users/nadav/github_action/github-action/actions-runner/.service'
[2025-05-24 23:11:40Z INFO ConfigurationStore] ServiceConfigFilePath: /Users/nadav/github_action/github-action/actions-runner/.service
[2025-05-24 23:11:40Z INFO ConfigurationStore] Read setting file: 303 chars
[2025-05-24 23:11:40Z INFO JobRunner] Initializing launch client
[2025-05-24 23:11:40Z INFO JobServerQueue] Initializing results client
[2025-05-24 23:11:40Z INFO ResultServer] Creating websocket client ...wss://results-receiver.actions.githubusercontent.com/_ws/ingest.sock
[2025-05-24 23:11:41Z INFO ResultServer] Attempting to start websocket client with delay 00:00:00.
[2025-05-24 23:11:41Z INFO JobServerQueue] Start process web console line queue.
[2025-05-24 23:11:41Z INFO JobServerQueue] Start process file upload queue.
[2025-05-24 23:11:41Z INFO JobServerQueue] Start results file upload queue.
[2025-05-24 23:11:41Z INFO JobServerQueue] Starting results-based upload queue...
[2025-05-24 23:11:41Z INFO JobServerQueue] Start process timeline update queue.
[2025-05-24 23:11:41Z INFO ExecutionContext] Initializing Job context
[2025-05-24 23:11:41Z INFO ExecutionContext] Initialize GitHub context
[2025-05-24 23:11:41Z INFO ExecutionContext] Initialize Env context
[2025-05-24 23:11:41Z INFO HostContext] Well known directory 'Bin': '/Users/nadav/github_action/github-action/actions-runner/bin'
[2025-05-24 23:11:41Z INFO HostContext] Well known directory 'Root': '/Users/nadav/github_action/github-action/actions-runner'
[2025-05-24 23:11:41Z INFO HostContext] Well known directory 'Diag': '/Users/nadav/github_action/github-action/actions-runner/_diag'
[2025-05-24 23:11:41Z INFO HostContext] Well known directory 'Bin': '/Users/nadav/github_action/github-action/actions-runner/bin'
[2025-05-24 23:11:41Z INFO HostContext] Well known directory 'Root': '/Users/nadav/github_action/github-action/actions-runner'
[2025-05-24 23:11:41Z INFO HostContext] Well known directory 'Diag': '/Users/nadav/github_action/github-action/actions-runner/_diag'
[2025-05-24 23:11:41Z INFO JobRunner] Starting the job execution context.
[2025-05-24 23:11:41Z INFO HostContext] Well known directory 'Bin': '/Users/nadav/github_action/github-action/actions-runner/bin'
[2025-05-24 23:11:41Z INFO HostContext] Well known directory 'Root': '/Users/nadav/github_action/github-action/actions-runner'
[2025-05-24 23:11:41Z INFO HostContext] Well known directory 'Work': '/Users/nadav/github_action/github-action/actions-runner/_work'
[2025-05-24 23:11:41Z INFO JobRunner] Validating directory permissions for: '/Users/nadav/github_action/github-action/actions-runner/_work'
[2025-05-24 23:11:41Z INFO HostContext] Well known directory 'Bin': '/Users/nadav/github_action/github-action/actions-runner/bin'
[2025-05-24 23:11:41Z INFO HostContext] Well known directory 'Root': '/Users/nadav/github_action/github-action/actions-runner'
[2025-05-24 23:11:41Z INFO HostContext] Well known directory 'Work': '/Users/nadav/github_action/github-action/actions-runner/_work'
[2025-05-24 23:11:41Z INFO HostContext] Well known directory 'Tools': '/Users/nadav/github_action/github-action/actions-runner/_work/_tool'
[2025-05-24 23:11:41Z INFO HostContext] Well known directory 'Bin': '/Users/nadav/github_action/github-action/actions-runner/bin'
[2025-05-24 23:11:41Z INFO HostContext] Well known directory 'Root': '/Users/nadav/github_action/github-action/actions-runner'
[2025-05-24 23:11:41Z INFO HostContext] Well known directory 'Work': '/Users/nadav/github_action/github-action/actions-runner/_work'
[2025-05-24 23:11:41Z INFO HostContext] Well known directory 'Temp': '/Users/nadav/github_action/github-action/actions-runner/_work/_temp'
[2025-05-24 23:11:41Z INFO JobRunner] Getting job extension.
[2025-05-24 23:11:41Z INFO JobRunner] Initialize job. Getting all job steps.
[2025-05-24 23:11:41Z INFO HostContext] Well known directory 'Bin': '/Users/nadav/github_action/github-action/actions-runner/bin'
[2025-05-24 23:11:41Z INFO HostContext] Well known directory 'Root': '/Users/nadav/github_action/github-action/actions-runner'
[2025-05-24 23:11:41Z INFO HostContext] Well known directory 'Diag': '/Users/nadav/github_action/github-action/actions-runner/_diag'
[2025-05-24 23:11:41Z INFO HostContext] Well known directory 'Bin': '/Users/nadav/github_action/github-action/actions-runner/bin'
[2025-05-24 23:11:41Z INFO HostContext] Well known directory 'Root': '/Users/nadav/github_action/github-action/actions-runner'
[2025-05-24 23:11:41Z INFO HostContext] Well known directory 'Diag': '/Users/nadav/github_action/github-action/actions-runner/_diag'
[2025-05-24 23:11:41Z INFO HostContext] Well known directory 'Bin': '/Users/nadav/github_action/github-action/actions-runner/bin'
[2025-05-24 23:11:41Z INFO HostContext] Well known directory 'Root': '/Users/nadav/github_action/github-action/actions-runner'
[2025-05-24 23:11:41Z INFO HostContext] Well known config file 'Credentials': '/Users/nadav/github_action/github-action/actions-runner/.credentials'
[2025-05-24 23:11:41Z INFO HostContext] Well known directory 'Bin': '/Users/nadav/github_action/github-action/actions-runner/bin'
[2025-05-24 23:11:41Z INFO HostContext] Well known directory 'Root': '/Users/nadav/github_action/github-action/actions-runner'
[2025-05-24 23:11:41Z INFO HostContext] Well known config file 'SetupInfo': '/Users/nadav/github_action/github-action/actions-runner/.setup_info'
[2025-05-24 23:11:41Z INFO HostContext] Well known directory 'Bin': '/Users/nadav/github_action/github-action/actions-runner/bin'
[2025-05-24 23:11:41Z INFO HostContext] Well known directory 'Root': '/Users/nadav/github_action/github-action/actions-runner'
[2025-05-24 23:11:41Z INFO HostContext] Well known directory 'Work': '/Users/nadav/github_action/github-action/actions-runner/_work'
[2025-05-24 23:11:41Z INFO PipelineDirectoryManager] Loading tracking config if exists: /Users/nadav/github_action/github-action/actions-runner/_work/_PipelineMapping/Danielnadav/github-action/PipelineFolder.json
[2025-05-24 23:11:41Z INFO PipelineDirectoryManager] Creating a new tracking config file.
[2025-05-24 23:11:41Z INFO HostContext] Well known directory 'Bin': '/Users/nadav/github_action/github-action/actions-runner/bin'
[2025-05-24 23:11:41Z INFO HostContext] Well known directory 'Root': '/Users/nadav/github_action/github-action/actions-runner'
[2025-05-24 23:11:41Z INFO HostContext] Well known directory 'Work': '/Users/nadav/github_action/github-action/actions-runner/_work'
[2025-05-24 23:11:41Z INFO PipelineDirectoryManager] Creating pipeline directory.
[2025-05-24 23:11:41Z INFO HostContext] Well known directory 'Bin': '/Users/nadav/github_action/github-action/actions-runner/bin'
[2025-05-24 23:11:41Z INFO HostContext] Well known directory 'Root': '/Users/nadav/github_action/github-action/actions-runner'
[2025-05-24 23:11:41Z INFO HostContext] Well known directory 'Work': '/Users/nadav/github_action/github-action/actions-runner/_work'
[2025-05-24 23:11:41Z INFO PipelineDirectoryManager] Creating workspace directory.
[2025-05-24 23:11:41Z INFO HostContext] Well known directory 'Bin': '/Users/nadav/github_action/github-action/actions-runner/bin'
[2025-05-24 23:11:41Z INFO HostContext] Well known directory 'Root': '/Users/nadav/github_action/github-action/actions-runner'
[2025-05-24 23:11:41Z INFO HostContext] Well known directory 'Work': '/Users/nadav/github_action/github-action/actions-runner/_work'
[2025-05-24 23:11:41Z INFO JobExtension] Downloading actions
[2025-05-24 23:11:41Z INFO HostContext] Well known directory 'Bin': '/Users/nadav/github_action/github-action/actions-runner/bin'
[2025-05-24 23:11:41Z INFO HostContext] Well known directory 'Root': '/Users/nadav/github_action/github-action/actions-runner'
[2025-05-24 23:11:41Z INFO HostContext] Well known directory 'Work': '/Users/nadav/github_action/github-action/actions-runner/_work'
[2025-05-24 23:11:41Z INFO HostContext] Well known directory 'Actions': '/Users/nadav/github_action/github-action/actions-runner/_work/_actions'
[2025-05-24 23:11:41Z INFO Worker] Listening for cancel message from the channel.
[2025-05-24 23:11:41Z INFO Worker] Waiting for the job to complete or for a cancel message from the channel.
[2025-05-24 23:11:42Z INFO ResultServer] Successfully started websocket client.
[2025-05-24 23:11:42Z INFO JobServerQueue] Try to append 1 batches web console lines for record 'e45644cd-809b-4a60-8fef-9e9d173013e4', success rate: 1/1.
[2025-05-24 23:11:42Z INFO JobServerQueue] Job timeline record has been updated for the first time.
[2025-05-24 23:11:43Z INFO HostContext] Well known directory 'Bin': '/Users/nadav/github_action/github-action/actions-runner/bin'
[2025-05-24 23:11:43Z INFO HostContext] Well known directory 'Root': '/Users/nadav/github_action/github-action/actions-runner'
[2025-05-24 23:11:43Z INFO HostContext] Well known directory 'Work': '/Users/nadav/github_action/github-action/actions-runner/_work'
[2025-05-24 23:11:43Z INFO HostContext] Well known directory 'Actions': '/Users/nadav/github_action/github-action/actions-runner/_work/_actions'
[2025-05-24 23:11:43Z INFO HostContext] Well known directory 'Bin': '/Users/nadav/github_action/github-action/actions-runner/bin'
[2025-05-24 23:11:43Z INFO HostContext] Well known directory 'Root': '/Users/nadav/github_action/github-action/actions-runner'
[2025-05-24 23:11:43Z INFO HostContext] Well known directory 'Work': '/Users/nadav/github_action/github-action/actions-runner/_work'
[2025-05-24 23:11:43Z INFO HostContext] Well known directory 'Actions': '/Users/nadav/github_action/github-action/actions-runner/_work/_actions'
[2025-05-24 23:11:43Z INFO ActionManager] Save archive 'https://api.github.com/repos/actions/checkout/tarball/f43a0e5ff2bd294095638e18286ca9a3d1956744' into /Users/nadav/github_action/github-action/actions-runner/_work/_actions/_temp_0933be06-53b1-4a80-953f-67d6937ca659/733ed79f-2082-46e4-ac99-3c13d73836bc.tar.gz.
[2025-05-24 23:11:43Z INFO JobServerQueue] Try to append 1 batches web console lines for record 'e45644cd-809b-4a60-8fef-9e9d173013e4', success rate: 1/1.
[2025-05-24 23:11:43Z INFO ActionManager] Request URL: https://api.github.com/repos/actions/checkout/tarball/f43a0e5ff2bd294095638e18286ca9a3d1956744 X-GitHub-Request-Id: 0764:287E87:322C:6D043:6832522F Http Status: OK
[2025-05-24 23:11:43Z INFO ActionManager] Which2: 'tar'
[2025-05-24 23:11:43Z INFO ActionManager] Location: '/usr/bin/tar'
[2025-05-24 23:11:43Z INFO ProcessInvokerWrapper] Starting process:
[2025-05-24 23:11:43Z INFO ProcessInvokerWrapper]   File name: '/usr/bin/tar'
[2025-05-24 23:11:43Z INFO ProcessInvokerWrapper]   Arguments: '-xzf "/Users/nadav/github_action/github-action/actions-runner/_work/_actions/_temp_0933be06-53b1-4a80-953f-67d6937ca659/733ed79f-2082-46e4-ac99-3c13d73836bc.tar.gz"'
[2025-05-24 23:11:43Z INFO ProcessInvokerWrapper]   Working directory: '/Users/nadav/github_action/github-action/actions-runner/_work/_actions/_temp_0933be06-53b1-4a80-953f-67d6937ca659/_staging'
[2025-05-24 23:11:43Z INFO ProcessInvokerWrapper]   Require exit code zero: 'False'
[2025-05-24 23:11:43Z INFO ProcessInvokerWrapper]   Encoding web name:  ; code page: ''
[2025-05-24 23:11:43Z INFO ProcessInvokerWrapper]   Force kill process on cancellation: 'False'
[2025-05-24 23:11:43Z INFO ProcessInvokerWrapper]   Redirected STDIN: 'False'
[2025-05-24 23:11:43Z INFO ProcessInvokerWrapper]   Persist current code page: 'False'
[2025-05-24 23:11:43Z INFO ProcessInvokerWrapper]   Keep redirected STDIN open: 'False'
[2025-05-24 23:11:43Z INFO ProcessInvokerWrapper]   High priority process: 'False'
[2025-05-24 23:11:43Z INFO ProcessInvokerWrapper] Process started with process id 4576, waiting for process exit.
[2025-05-24 23:11:43Z INFO ProcessInvokerWrapper] STDOUT/STDERR stream read finished.
[2025-05-24 23:11:43Z INFO ProcessInvokerWrapper] STDOUT/STDERR stream read finished.
[2025-05-24 23:11:43Z INFO ProcessInvokerWrapper] Finished process 4576 with exit code 0, and elapsed time 00:00:00.0491916.
[2025-05-24 23:11:43Z INFO ActionManager] Finished getting action repository.
[2025-05-24 23:11:44Z INFO HostContext] Well known directory 'Bin': '/Users/nadav/github_action/github-action/actions-runner/bin'
[2025-05-24 23:11:44Z INFO HostContext] Well known directory 'Root': '/Users/nadav/github_action/github-action/actions-runner'
[2025-05-24 23:11:44Z INFO HostContext] Well known directory 'Work': '/Users/nadav/github_action/github-action/actions-runner/_work'
[2025-05-24 23:11:44Z INFO HostContext] Well known directory 'Actions': '/Users/nadav/github_action/github-action/actions-runner/_work/_actions'
[2025-05-24 23:11:44Z INFO ActionManifestManager] Load schema file with definitions: [
  "null",
  "boolean",
  "number",
  "string",
  "sequence",
  "mapping",
  "any",
  "action-root",
  "inputs",
  "input",
  "outputs",
  "output-definition",
  "runs",
  "container-runs",
  "container-runs-args",
  "container-runs-env",
  "node-runs",
  "plugin-runs",
  "composite-runs",
  "composite-steps",
  "composite-step",
  "run-step",
  "uses-step",
  "container-runs-context",
  "output-value",
  "input-default-context",
  "non-empty-string",
  "string-steps-context",
  "boolean-steps-context",
  "step-env",
  "step-if",
  "step-with"
]
[2025-05-24 23:11:44Z INFO HostContext] Well known directory 'Bin': '/Users/nadav/github_action/github-action/actions-runner/bin'
[2025-05-24 23:11:44Z INFO HostContext] Well known directory 'Root': '/Users/nadav/github_action/github-action/actions-runner'
[2025-05-24 23:11:44Z INFO HostContext] Well known directory 'Work': '/Users/nadav/github_action/github-action/actions-runner/_work'
[2025-05-24 23:11:44Z INFO HostContext] Well known directory 'Actions': '/Users/nadav/github_action/github-action/actions-runner/_work/_actions'
[2025-05-24 23:11:44Z INFO ActionManifestManager] Loaded action.yml file: {
  "name": "Checkout",
  "description": "Checkout a Git repository at a particular version",
  "inputs": {
    "type": 2,
    "map": [
      {
        "key": {
          "type": 0,
          "file": 2,
          "line": 4,
          "col": 3,
          "lit": "repository"
        },
        "value": {
          "type": 3,
          "file": 2,
          "line": 6,
          "col": 14,
          "expr": "github.repository"
        }
      },
      {
        "key": {
          "type": 0,
          "file": 2,
          "line": 7,
          "col": 3,
          "lit": "ref"
        },
        "value": ""
      },
      {
        "key": {
          "type": 0,
          "file": 2,
          "line": 12,
          "col": 3,
          "lit": "token"
        },
        "value": {
          "type": 3,
          "file": 2,
          "line": 24,
          "col": 14,
          "expr": "github.token"
        }
      },
      {
        "key": {
          "type": 0,
          "file": 2,
          "line": 25,
          "col": 3,
          "lit": "ssh-key"
        },
        "value": ""
      },
      {
        "key": {
          "type": 0,
          "file": 2,
          "line": 37,
          "col": 3,
          "lit": "ssh-known-hosts"
        },
        "value": ""
      },
      {
        "key": {
          "type": 0,
          "file": 2,
          "line": 42,
          "col": 3,
          "lit": "ssh-strict"
        },
        "value": {
          "type": 0,
          "file": 2,
          "line": 47,
          "col": 14,
          "lit": "true"
        }
      },
      {
        "key": {
          "type": 0,
          "file": 2,
          "line": 48,
          "col": 3,
          "lit": "persist-credentials"
        },
        "value": {
          "type": 0,
          "file": 2,
          "line": 50,
          "col": 14,
          "lit": "true"
        }
      },
      {
        "key": {
          "type": 0,
          "file": 2,
          "line": 51,
          "col": 3,
          "lit": "path"
        },
        "value": ""
      },
      {
        "key": {
          "type": 0,
          "file": 2,
          "line": 53,
          "col": 3,
          "lit": "clean"
        },
        "value": {
          "type": 0,
          "file": 2,
          "line": 55,
          "col": 14,
          "lit": "true"
        }
      },
      {
        "key": {
          "type": 0,
          "file": 2,
          "line": 56,
          "col": 3,
          "lit": "sparse-checkout"
        },
        "value": {
          "type": 0,
          "file": 2,
          "line": 60,
          "col": 14,
          "lit": ""
        }
      },
      {
        "key": {
          "type": 0,
          "file": 2,
          "line": 61,
          "col": 3,
          "lit": "sparse-checkout-cone-mode"
        },
        "value": {
          "type": 0,
          "file": 2,
          "line": 64,
          "col": 14,
          "lit": "true"
        }
      },
      {
        "key": {
          "type": 0,
          "file": 2,
          "line": 65,
          "col": 3,
          "lit": "fetch-depth"
        },
        "value": {
          "type": 0,
          "file": 2,
          "line": 67,
          "col": 14,
          "lit": "1"
        }
      },
      {
        "key": {
          "type": 0,
          "file": 2,
          "line": 68,
          "col": 3,
          "lit": "fetch-tags"
        },
        "value": {
          "type": 0,
          "file": 2,
          "line": 70,
          "col": 14,
          "lit": "false"
        }
      },
      {
        "key": {
          "type": 0,
          "file": 2,
          "line": 71,
          "col": 3,
          "lit": "lfs"
        },
        "value": {
          "type": 0,
          "file": 2,
          "line": 73,
          "col": 14,
          "lit": "false"
        }
      },
      {
        "key": {
          "type": 0,
          "file": 2,
          "line": 74,
          "col": 3,
          "lit": "submodules"
        },
        "value": {
          "type": 0,
          "file": 2,
          "line": 82,
          "col": 14,
          "lit": "false"
        }
      },
      {
        "key": {
          "type": 0,
          "file": 2,
          "line": 83,
          "col": 3,
          "lit": "set-safe-directory"
        },
        "value": {
          "type": 0,
          "file": 2,
          "line": 85,
          "col": 14,
          "lit": "true"
        }
      },
      {
        "key": {
          "type": 0,
          "file": 2,
          "line": 86,
          "col": 3,
          "lit": "github-server-url"
        },
        "value": ""
      }
    ]
  },
  "execution": {
    "executionType": "nodeJS",
    "hasPre": false,
    "hasPost": true,
    "script": "dist/index.js",
    "pre": null,
    "post": "dist/index.js",
    "nodeVersion": "node16",
    "cleanupCondition": "always()",
    "initCondition": "always()"
  },
  "deprecated": null
}
[2025-05-24 23:11:44Z INFO ActionManager] Action node.js file: dist/index.js, no more preparation.
[2025-05-24 23:11:44Z INFO HostContext] Well known directory 'Bin': '/Users/nadav/github_action/github-action/actions-runner/bin'
[2025-05-24 23:11:44Z INFO HostContext] Well known directory 'Root': '/Users/nadav/github_action/github-action/actions-runner'
[2025-05-24 23:11:44Z INFO HostContext] Well known directory 'Work': '/Users/nadav/github_action/github-action/actions-runner/_work'
[2025-05-24 23:11:44Z INFO HostContext] Well known directory 'Actions': '/Users/nadav/github_action/github-action/actions-runner/_work/_actions'
[2025-05-24 23:11:44Z INFO ActionManager] Load action that reference repository from '/Users/nadav/github_action/github-action/actions-runner/_work/_actions/actions/checkout/v3'
[2025-05-24 23:11:44Z INFO HostContext] Well known directory 'Bin': '/Users/nadav/github_action/github-action/actions-runner/bin'
[2025-05-24 23:11:44Z INFO HostContext] Well known directory 'Root': '/Users/nadav/github_action/github-action/actions-runner'
[2025-05-24 23:11:44Z INFO HostContext] Well known directory 'Work': '/Users/nadav/github_action/github-action/actions-runner/_work'
[2025-05-24 23:11:44Z INFO HostContext] Well known directory 'Actions': '/Users/nadav/github_action/github-action/actions-runner/_work/_actions'
[2025-05-24 23:11:44Z INFO ActionManifestManager] Loaded action.yml file: {
  "name": "Checkout",
  "description": "Checkout a Git repository at a particular version",
  "inputs": {
    "type": 2,
    "map": [
      {
        "key": {
          "type": 0,
          "file": 2,
          "line": 4,
          "col": 3,
          "lit": "repository"
        },
        "value": {
          "type": 3,
          "file": 2,
          "line": 6,
          "col": 14,
          "expr": "github.repository"
        }
      },
      {
        "key": {
          "type": 0,
          "file": 2,
          "line": 7,
          "col": 3,
          "lit": "ref"
        },
        "value": ""
      },
      {
        "key": {
          "type": 0,
          "file": 2,
          "line": 12,
          "col": 3,
          "lit": "token"
        },
        "value": {
          "type": 3,
          "file": 2,
          "line": 24,
          "col": 14,
          "expr": "github.token"
        }
      },
      {
        "key": {
          "type": 0,
          "file": 2,
          "line": 25,
          "col": 3,
          "lit": "ssh-key"
        },
        "value": ""
      },
      {
        "key": {
          "type": 0,
          "file": 2,
          "line": 37,
          "col": 3,
          "lit": "ssh-known-hosts"
        },
        "value": ""
      },
      {
        "key": {
          "type": 0,
          "file": 2,
          "line": 42,
          "col": 3,
          "lit": "ssh-strict"
        },
        "value": {
          "type": 0,
          "file": 2,
          "line": 47,
          "col": 14,
          "lit": "true"
        }
      },
      {
        "key": {
          "type": 0,
          "file": 2,
          "line": 48,
          "col": 3,
          "lit": "persist-credentials"
        },
        "value": {
          "type": 0,
          "file": 2,
          "line": 50,
          "col": 14,
          "lit": "true"
        }
      },
      {
        "key": {
          "type": 0,
          "file": 2,
          "line": 51,
          "col": 3,
          "lit": "path"
        },
        "value": ""
      },
      {
        "key": {
          "type": 0,
          "file": 2,
          "line": 53,
          "col": 3,
          "lit": "clean"
        },
        "value": {
          "type": 0,
          "file": 2,
          "line": 55,
          "col": 14,
          "lit": "true"
        }
      },
      {
        "key": {
          "type": 0,
          "file": 2,
          "line": 56,
          "col": 3,
          "lit": "sparse-checkout"
        },
        "value": {
          "type": 0,
          "file": 2,
          "line": 60,
          "col": 14,
          "lit": ""
        }
      },
      {
        "key": {
          "type": 0,
          "file": 2,
          "line": 61,
          "col": 3,
          "lit": "sparse-checkout-cone-mode"
        },
        "value": {
          "type": 0,
          "file": 2,
          "line": 64,
          "col": 14,
          "lit": "true"
        }
      },
      {
        "key": {
          "type": 0,
          "file": 2,
          "line": 65,
          "col": 3,
          "lit": "fetch-depth"
        },
        "value": {
          "type": 0,
          "file": 2,
          "line": 67,
          "col": 14,
          "lit": "1"
        }
      },
      {
        "key": {
          "type": 0,
          "file": 2,
          "line": 68,
          "col": 3,
          "lit": "fetch-tags"
        },
        "value": {
          "type": 0,
          "file": 2,
          "line": 70,
          "col": 14,
          "lit": "false"
        }
      },
      {
        "key": {
          "type": 0,
          "file": 2,
          "line": 71,
          "col": 3,
          "lit": "lfs"
        },
        "value": {
          "type": 0,
          "file": 2,
          "line": 73,
          "col": 14,
          "lit": "false"
        }
      },
      {
        "key": {
          "type": 0,
          "file": 2,
          "line": 74,
          "col": 3,
          "lit": "submodules"
        },
        "value": {
          "type": 0,
          "file": 2,
          "line": 82,
          "col": 14,
          "lit": "false"
        }
      },
      {
        "key": {
          "type": 0,
          "file": 2,
          "line": 83,
          "col": 3,
          "lit": "set-safe-directory"
        },
        "value": {
          "type": 0,
          "file": 2,
          "line": 85,
          "col": 14,
          "lit": "true"
        }
      },
      {
        "key": {
          "type": 0,
          "file": 2,
          "line": 86,
          "col": 3,
          "lit": "github-server-url"
        },
        "value": ""
      }
    ]
  },
  "execution": {
    "executionType": "nodeJS",
    "hasPre": false,
    "hasPost": true,
    "script": "dist/index.js",
    "pre": null,
    "post": "dist/index.js",
    "nodeVersion": "node16",
    "cleanupCondition": "always()",
    "initCondition": "always()"
  },
  "deprecated": null
}
[2025-05-24 23:11:44Z INFO ActionManager] Action pre node.js file: N/A.
[2025-05-24 23:11:44Z INFO ActionManager] Action node.js file: dist/index.js.
[2025-05-24 23:11:44Z INFO ActionManager] Action post node.js file: dist/index.js.
[2025-05-24 23:11:44Z INFO JobExtension] Adding .
[2025-05-24 23:11:44Z INFO JobExtension] Adding .
[2025-05-24 23:11:44Z INFO JobExtension] Adding .
[2025-05-24 23:11:44Z INFO HostContext] Well known directory 'Bin': '/Users/nadav/github_action/github-action/actions-runner/bin'
[2025-05-24 23:11:44Z INFO HostContext] Well known directory 'Root': '/Users/nadav/github_action/github-action/actions-runner'
[2025-05-24 23:11:44Z INFO HostContext] Well known directory 'Diag': '/Users/nadav/github_action/github-action/actions-runner/_diag'
[2025-05-24 23:11:44Z INFO HostContext] Well known directory 'Bin': '/Users/nadav/github_action/github-action/actions-runner/bin'
[2025-05-24 23:11:44Z INFO HostContext] Well known directory 'Root': '/Users/nadav/github_action/github-action/actions-runner'
[2025-05-24 23:11:44Z INFO HostContext] Well known directory 'Diag': '/Users/nadav/github_action/github-action/actions-runner/_diag'
[2025-05-24 23:11:44Z INFO HostContext] Well known directory 'Bin': '/Users/nadav/github_action/github-action/actions-runner/bin'
[2025-05-24 23:11:44Z INFO HostContext] Well known directory 'Root': '/Users/nadav/github_action/github-action/actions-runner'
[2025-05-24 23:11:44Z INFO HostContext] Well known directory 'Diag': '/Users/nadav/github_action/github-action/actions-runner/_diag'
[2025-05-24 23:11:44Z INFO JobServerQueue] Try to append 1 batches web console lines for record 'e45644cd-809b-4a60-8fef-9e9d173013e4', success rate: 1/1.
[2025-05-24 23:11:44Z INFO HostContext] Well known directory 'Bin': '/Users/nadav/github_action/github-action/actions-runner/bin'
[2025-05-24 23:11:44Z INFO HostContext] Well known directory 'Root': '/Users/nadav/github_action/github-action/actions-runner'
[2025-05-24 23:11:44Z INFO HostContext] Well known directory 'Diag': '/Users/nadav/github_action/github-action/actions-runner/_diag'
[2025-05-24 23:11:44Z INFO HostContext] Well known directory 'Bin': '/Users/nadav/github_action/github-action/actions-runner/bin'
[2025-05-24 23:11:44Z INFO HostContext] Well known directory 'Root': '/Users/nadav/github_action/github-action/actions-runner'
[2025-05-24 23:11:44Z INFO HostContext] Well known directory 'Diag': '/Users/nadav/github_action/github-action/actions-runner/_diag'
[2025-05-24 23:11:44Z INFO HostContext] Well known directory 'Bin': '/Users/nadav/github_action/github-action/actions-runner/bin'
[2025-05-24 23:11:44Z INFO HostContext] Well known directory 'Root': '/Users/nadav/github_action/github-action/actions-runner'
[2025-05-24 23:11:44Z INFO HostContext] Well known directory 'Diag': '/Users/nadav/github_action/github-action/actions-runner/_diag'
[2025-05-24 23:11:44Z INFO JobExtension] Total accessible running process: 481.
[2025-05-24 23:11:44Z INFO HostContext] Well known directory 'Bin': '/Users/nadav/github_action/github-action/actions-runner/bin'
[2025-05-24 23:11:44Z INFO HostContext] Well known directory 'Root': '/Users/nadav/github_action/github-action/actions-runner'
[2025-05-24 23:11:44Z INFO HostContext] Well known directory 'Work': '/Users/nadav/github_action/github-action/actions-runner/_work'
[2025-05-24 23:11:44Z INFO JobExtension] Start checking service connectivity in background.
[2025-05-24 23:11:44Z INFO ExecutionContext] Publish step telemetry for current step {
  "action": "setup_job",
  "type": "runner",
  "stage": "Pre",
  "stepId": "e45644cd-809b-4a60-8fef-9e9d173013e4",
  "result": "succeeded",
  "errorMessages": [],
  "executionTimeInSeconds": 4,
  "startTime": "2025-05-24T23:11:41.457177Z",
  "finishTime": "2025-05-24T23:11:44.60194Z"
}.
[2025-05-24 23:11:44Z INFO JobRunner] Total job steps: 3.
[2025-05-24 23:11:44Z INFO JobRunner] Run all job steps.
[2025-05-24 23:11:44Z INFO StepsRunner] Processing step: DisplayName='Checkout code'
[2025-05-24 23:11:44Z INFO StepsRunner] Evaluating: success()
[2025-05-24 23:11:44Z INFO StepsRunner] Result: true
[2025-05-24 23:11:44Z INFO StepsRunner] Starting the step.
[2025-05-24 23:11:44Z INFO HostContext] Well known directory 'Bin': '/Users/nadav/github_action/github-action/actions-runner/bin'
[2025-05-24 23:11:44Z INFO HostContext] Well known directory 'Root': '/Users/nadav/github_action/github-action/actions-runner'
[2025-05-24 23:11:44Z INFO HostContext] Well known directory 'Work': '/Users/nadav/github_action/github-action/actions-runner/_work'
[2025-05-24 23:11:44Z INFO HostContext] Well known directory 'Actions': '/Users/nadav/github_action/github-action/actions-runner/_work/_actions'
[2025-05-24 23:11:44Z INFO ActionManager] Load action that reference repository from '/Users/nadav/github_action/github-action/actions-runner/_work/_actions/actions/checkout/v3'
[2025-05-24 23:11:44Z INFO HostContext] Well known directory 'Bin': '/Users/nadav/github_action/github-action/actions-runner/bin'
[2025-05-24 23:11:44Z INFO HostContext] Well known directory 'Root': '/Users/nadav/github_action/github-action/actions-runner'
[2025-05-24 23:11:44Z INFO HostContext] Well known directory 'Work': '/Users/nadav/github_action/github-action/actions-runner/_work'
[2025-05-24 23:11:44Z INFO HostContext] Well known directory 'Actions': '/Users/nadav/github_action/github-action/actions-runner/_work/_actions'
[2025-05-24 23:11:44Z INFO ActionManifestManager] Loaded action.yml file: {
  "name": "Checkout",
  "description": "Checkout a Git repository at a particular version",
  "inputs": {
    "type": 2,
    "map": [
      {
        "key": {
          "type": 0,
          "file": 2,
          "line": 4,
          "col": 3,
          "lit": "repository"
        },
        "value": {
          "type": 3,
          "file": 2,
          "line": 6,
          "col": 14,
          "expr": "github.repository"
        }
      },
      {
        "key": {
          "type": 0,
          "file": 2,
          "line": 7,
          "col": 3,
          "lit": "ref"
        },
        "value": ""
      },
      {
        "key": {
          "type": 0,
          "file": 2,
          "line": 12,
          "col": 3,
          "lit": "token"
        },
        "value": {
          "type": 3,
          "file": 2,
          "line": 24,
          "col": 14,
          "expr": "github.token"
        }
      },
      {
        "key": {
          "type": 0,
          "file": 2,
          "line": 25,
          "col": 3,
          "lit": "ssh-key"
        },
        "value": ""
      },
      {
        "key": {
          "type": 0,
          "file": 2,
          "line": 37,
          "col": 3,
          "lit": "ssh-known-hosts"
        },
        "value": ""
      },
      {
        "key": {
          "type": 0,
          "file": 2,
          "line": 42,
          "col": 3,
          "lit": "ssh-strict"
        },
        "value": {
          "type": 0,
          "file": 2,
          "line": 47,
          "col": 14,
          "lit": "true"
        }
      },
      {
        "key": {
          "type": 0,
          "file": 2,
          "line": 48,
          "col": 3,
          "lit": "persist-credentials"
        },
        "value": {
          "type": 0,
          "file": 2,
          "line": 50,
          "col": 14,
          "lit": "true"
        }
      },
      {
        "key": {
          "type": 0,
          "file": 2,
          "line": 51,
          "col": 3,
          "lit": "path"
        },
        "value": ""
      },
      {
        "key": {
          "type": 0,
          "file": 2,
          "line": 53,
          "col": 3,
          "lit": "clean"
        },
        "value": {
          "type": 0,
          "file": 2,
          "line": 55,
          "col": 14,
          "lit": "true"
        }
      },
      {
        "key": {
          "type": 0,
          "file": 2,
          "line": 56,
          "col": 3,
          "lit": "sparse-checkout"
        },
        "value": {
          "type": 0,
          "file": 2,
          "line": 60,
          "col": 14,
          "lit": ""
        }
      },
      {
        "key": {
          "type": 0,
          "file": 2,
          "line": 61,
          "col": 3,
          "lit": "sparse-checkout-cone-mode"
        },
        "value": {
          "type": 0,
          "file": 2,
          "line": 64,
          "col": 14,
          "lit": "true"
        }
      },
      {
        "key": {
          "type": 0,
          "file": 2,
          "line": 65,
          "col": 3,
          "lit": "fetch-depth"
        },
        "value": {
          "type": 0,
          "file": 2,
          "line": 67,
          "col": 14,
          "lit": "1"
        }
      },
      {
        "key": {
          "type": 0,
          "file": 2,
          "line": 68,
          "col": 3,
          "lit": "fetch-tags"
        },
        "value": {
          "type": 0,
          "file": 2,
          "line": 70,
          "col": 14,
          "lit": "false"
        }
      },
      {
        "key": {
          "type": 0,
          "file": 2,
          "line": 71,
          "col": 3,
          "lit": "lfs"
        },
        "value": {
          "type": 0,
          "file": 2,
          "line": 73,
          "col": 14,
          "lit": "false"
        }
      },
      {
        "key": {
          "type": 0,
          "file": 2,
          "line": 74,
          "col": 3,
          "lit": "submodules"
        },
        "value": {
          "type": 0,
          "file": 2,
          "line": 82,
          "col": 14,
          "lit": "false"
        }
      },
      {
        "key": {
          "type": 0,
          "file": 2,
          "line": 83,
          "col": 3,
          "lit": "set-safe-directory"
        },
        "value": {
          "type": 0,
          "file": 2,
          "line": 85,
          "col": 14,
          "lit": "true"
        }
      },
      {
        "key": {
          "type": 0,
          "file": 2,
          "line": 86,
          "col": 3,
          "lit": "github-server-url"
        },
        "value": ""
      }
    ]
  },
  "execution": {
    "executionType": "nodeJS",
    "hasPre": false,
    "hasPost": true,
    "script": "dist/index.js",
    "pre": null,
    "post": "dist/index.js",
    "nodeVersion": "node16",
    "cleanupCondition": "always()",
    "initCondition": "always()"
  },
  "deprecated": null
}
[2025-05-24 23:11:44Z INFO ActionManager] Action pre node.js file: N/A.
[2025-05-24 23:11:44Z INFO ActionManager] Action node.js file: dist/index.js.
[2025-05-24 23:11:44Z INFO ActionManager] Action post node.js file: dist/index.js.
[2025-05-24 23:11:44Z INFO ExecutionContext] Reserve record order 5 to 8 for post job actions.
[2025-05-24 23:11:44Z INFO HostContext] Well known directory 'Bin': '/Users/nadav/github_action/github-action/actions-runner/bin'
[2025-05-24 23:11:44Z INFO HostContext] Well known directory 'Root': '/Users/nadav/github_action/github-action/actions-runner'
[2025-05-24 23:11:44Z INFO HostContext] Well known directory 'Diag': '/Users/nadav/github_action/github-action/actions-runner/_diag'
[2025-05-24 23:11:44Z INFO HostContext] Well known directory 'Bin': '/Users/nadav/github_action/github-action/actions-runner/bin'
[2025-05-24 23:11:44Z INFO HostContext] Well known directory 'Root': '/Users/nadav/github_action/github-action/actions-runner'
[2025-05-24 23:11:44Z INFO HostContext] Well known directory 'Diag': '/Users/nadav/github_action/github-action/actions-runner/_diag'
[2025-05-24 23:11:44Z INFO HostContext] Well known directory 'Bin': '/Users/nadav/github_action/github-action/actions-runner/bin'
[2025-05-24 23:11:44Z INFO HostContext] Well known directory 'Root': '/Users/nadav/github_action/github-action/actions-runner'
[2025-05-24 23:11:44Z INFO HostContext] Well known directory 'Work': '/Users/nadav/github_action/github-action/actions-runner/_work'
[2025-05-24 23:11:44Z INFO HostContext] Well known directory 'Temp': '/Users/nadav/github_action/github-action/actions-runner/_work/_temp'
[2025-05-24 23:11:44Z INFO ExecutionContext] Write event payload to /Users/nadav/github_action/github-action/actions-runner/_work/_temp/_github_workflow/event.json
[2025-05-24 23:11:44Z INFO HostContext] Well known directory 'Bin': '/Users/nadav/github_action/github-action/actions-runner/bin'
[2025-05-24 23:11:44Z INFO HostContext] Well known directory 'Root': '/Users/nadav/github_action/github-action/actions-runner'
[2025-05-24 23:11:44Z INFO HostContext] Well known directory 'Work': '/Users/nadav/github_action/github-action/actions-runner/_work'
[2025-05-24 23:11:44Z INFO HostContext] Well known directory 'Temp': '/Users/nadav/github_action/github-action/actions-runner/_work/_temp'
[2025-05-24 23:11:44Z INFO ExtensionManager] Getting extensions for interface: 'GitHub.Runner.Worker.IFileCommandExtension'
[2025-05-24 23:11:44Z INFO ExtensionManager] Creating instance: GitHub.Runner.Worker.AddPathFileCommand, Runner.Worker
[2025-05-24 23:11:44Z INFO ExtensionManager] Creating instance: GitHub.Runner.Worker.SetEnvFileCommand, Runner.Worker
[2025-05-24 23:11:44Z INFO ExtensionManager] Creating instance: GitHub.Runner.Worker.CreateStepSummaryCommand, Runner.Worker
[2025-05-24 23:11:44Z INFO ExtensionManager] Creating instance: GitHub.Runner.Worker.SaveStateFileCommand, Runner.Worker
[2025-05-24 23:11:44Z INFO ExtensionManager] Creating instance: GitHub.Runner.Worker.SetOutputFileCommand, Runner.Worker
[2025-05-24 23:11:44Z INFO ActionManifestManager] Input 'repository': default value evaluate result: {
  "type": 0,
  "file": 2,
  "line": 6,
  "col": 14,
  "lit": "Danielnadav/github-action"
}
[2025-05-24 23:11:44Z INFO ActionManifestManager] Input 'ref': default value evaluate result: ""
[2025-05-24 23:11:44Z INFO ActionManifestManager] Input 'token': default value evaluate result: {
  "type": 0,
  "file": 2,
  "line": 24,
  "col": 14,
  "lit": "***"
}
[2025-05-24 23:11:44Z INFO ActionManifestManager] Input 'ssh-key': default value evaluate result: ""
[2025-05-24 23:11:44Z INFO ActionManifestManager] Input 'ssh-known-hosts': default value evaluate result: ""
[2025-05-24 23:11:44Z INFO ActionManifestManager] Input 'ssh-strict': default value evaluate result: {
  "type": 0,
  "file": 2,
  "line": 47,
  "col": 14,
  "lit": "true"
}
[2025-05-24 23:11:44Z INFO ActionManifestManager] Input 'persist-credentials': default value evaluate result: {
  "type": 0,
  "file": 2,
  "line": 50,
  "col": 14,
  "lit": "true"
}
[2025-05-24 23:11:44Z INFO ActionManifestManager] Input 'path': default value evaluate result: ""
[2025-05-24 23:11:44Z INFO ActionManifestManager] Input 'clean': default value evaluate result: {
  "type": 0,
  "file": 2,
  "line": 55,
  "col": 14,
  "lit": "true"
}
[2025-05-24 23:11:44Z INFO ActionManifestManager] Input 'sparse-checkout': default value evaluate result: {
  "type": 0,
  "file": 2,
  "line": 60,
  "col": 14,
  "lit": ""
}
[2025-05-24 23:11:44Z INFO ActionManifestManager] Input 'sparse-checkout-cone-mode': default value evaluate result: {
  "type": 0,
  "file": 2,
  "line": 64,
  "col": 14,
  "lit": "true"
}
[2025-05-24 23:11:44Z INFO ActionManifestManager] Input 'fetch-depth': default value evaluate result: {
  "type": 0,
  "file": 2,
  "line": 67,
  "col": 14,
  "lit": "1"
}
[2025-05-24 23:11:44Z INFO ActionManifestManager] Input 'fetch-tags': default value evaluate result: {
  "type": 0,
  "file": 2,
  "line": 70,
  "col": 14,
  "lit": "false"
}
[2025-05-24 23:11:44Z INFO ActionManifestManager] Input 'lfs': default value evaluate result: {
  "type": 0,
  "file": 2,
  "line": 73,
  "col": 14,
  "lit": "false"
}
[2025-05-24 23:11:44Z INFO ActionManifestManager] Input 'submodules': default value evaluate result: {
  "type": 0,
  "file": 2,
  "line": 82,
  "col": 14,
  "lit": "false"
}
[2025-05-24 23:11:44Z INFO ActionManifestManager] Input 'set-safe-directory': default value evaluate result: {
  "type": 0,
  "file": 2,
  "line": 85,
  "col": 14,
  "lit": "true"
}
[2025-05-24 23:11:44Z INFO ActionManifestManager] Input 'github-server-url': default value evaluate result: ""
[2025-05-24 23:11:44Z INFO ExtensionManager] Getting extensions for interface: 'GitHub.Runner.Worker.IActionCommandExtension'
[2025-05-24 23:11:44Z INFO ExtensionManager] Creating instance: GitHub.Runner.Worker.InternalPluginSetRepoPathCommandExtension, Runner.Worker
[2025-05-24 23:11:44Z INFO ExtensionManager] Creating instance: GitHub.Runner.Worker.SetEnvCommandExtension, Runner.Worker
[2025-05-24 23:11:44Z INFO ExtensionManager] Creating instance: GitHub.Runner.Worker.SetOutputCommandExtension, Runner.Worker
[2025-05-24 23:11:44Z INFO ExtensionManager] Creating instance: GitHub.Runner.Worker.SaveStateCommandExtension, Runner.Worker
[2025-05-24 23:11:44Z INFO ExtensionManager] Creating instance: GitHub.Runner.Worker.AddPathCommandExtension, Runner.Worker
[2025-05-24 23:11:44Z INFO ExtensionManager] Creating instance: GitHub.Runner.Worker.AddMaskCommandExtension, Runner.Worker
[2025-05-24 23:11:44Z INFO ExtensionManager] Creating instance: GitHub.Runner.Worker.AddMatcherCommandExtension, Runner.Worker
[2025-05-24 23:11:44Z INFO ExtensionManager] Creating instance: GitHub.Runner.Worker.RemoveMatcherCommandExtension, Runner.Worker
[2025-05-24 23:11:44Z INFO ExtensionManager] Creating instance: GitHub.Runner.Worker.WarningCommandExtension, Runner.Worker
[2025-05-24 23:11:44Z INFO ExtensionManager] Creating instance: GitHub.Runner.Worker.ErrorCommandExtension, Runner.Worker
[2025-05-24 23:11:44Z INFO ExtensionManager] Creating instance: GitHub.Runner.Worker.NoticeCommandExtension, Runner.Worker
[2025-05-24 23:11:44Z INFO ExtensionManager] Creating instance: GitHub.Runner.Worker.DebugCommandExtension, Runner.Worker
[2025-05-24 23:11:44Z INFO ExtensionManager] Creating instance: GitHub.Runner.Worker.GroupCommandExtension, Runner.Worker
[2025-05-24 23:11:44Z INFO ExtensionManager] Creating instance: GitHub.Runner.Worker.EndGroupCommandExtension, Runner.Worker
[2025-05-24 23:11:44Z INFO ExtensionManager] Creating instance: GitHub.Runner.Worker.EchoCommandExtension, Runner.Worker
[2025-05-24 23:11:44Z INFO ActionCommandManager] Register action command extension for command internal-set-repo-path
[2025-05-24 23:11:44Z INFO ActionCommandManager] Register action command extension for command set-env
[2025-05-24 23:11:44Z INFO ActionCommandManager] Register action command extension for command set-output
[2025-05-24 23:11:44Z INFO ActionCommandManager] Register action command extension for command save-state
[2025-05-24 23:11:44Z INFO ActionCommandManager] Register action command extension for command add-path
[2025-05-24 23:11:44Z INFO ActionCommandManager] Register action command extension for command add-mask
[2025-05-24 23:11:44Z INFO ActionCommandManager] Register action command extension for command add-matcher
[2025-05-24 23:11:44Z INFO ActionCommandManager] Register action command extension for command remove-matcher
[2025-05-24 23:11:44Z INFO ActionCommandManager] Register action command extension for command warning
[2025-05-24 23:11:44Z INFO ActionCommandManager] Register action command extension for command error
[2025-05-24 23:11:44Z INFO ActionCommandManager] Register action command extension for command notice
[2025-05-24 23:11:44Z INFO ActionCommandManager] Register action command extension for command debug
[2025-05-24 23:11:44Z INFO ActionCommandManager] Register action command extension for command group
[2025-05-24 23:11:44Z INFO ActionCommandManager] Register action command extension for command endgroup
[2025-05-24 23:11:44Z INFO ActionCommandManager] Register action command extension for command echo
[2025-05-24 23:11:44Z INFO HostContext] Well known directory 'Bin': '/Users/nadav/github_action/github-action/actions-runner/bin'
[2025-05-24 23:11:44Z INFO HostContext] Well known directory 'Root': '/Users/nadav/github_action/github-action/actions-runner'
[2025-05-24 23:11:44Z INFO HostContext] Well known directory 'Externals': '/Users/nadav/github_action/github-action/actions-runner/externals'
[2025-05-24 23:11:44Z INFO ProcessInvokerWrapper] Starting process:
[2025-05-24 23:11:44Z INFO ProcessInvokerWrapper]   File name: '/Users/nadav/github_action/github-action/actions-runner/externals/node20/bin/node'
[2025-05-24 23:11:44Z INFO ProcessInvokerWrapper]   Arguments: '"/Users/nadav/github_action/github-action/actions-runner/_work/_actions/actions/checkout/v3/dist/index.js"'
[2025-05-24 23:11:44Z INFO ProcessInvokerWrapper]   Working directory: '/Users/nadav/github_action/github-action/actions-runner/_work/github-action/github-action'
[2025-05-24 23:11:44Z INFO ProcessInvokerWrapper]   Require exit code zero: 'False'
[2025-05-24 23:11:44Z INFO ProcessInvokerWrapper]   Encoding web name:  ; code page: ''
[2025-05-24 23:11:44Z INFO ProcessInvokerWrapper]   Force kill process on cancellation: 'False'
[2025-05-24 23:11:44Z INFO ProcessInvokerWrapper]   Redirected STDIN: 'False'
[2025-05-24 23:11:44Z INFO ProcessInvokerWrapper]   Persist current code page: 'False'
[2025-05-24 23:11:44Z INFO ProcessInvokerWrapper]   Keep redirected STDIN open: 'False'
[2025-05-24 23:11:44Z INFO ProcessInvokerWrapper]   High priority process: 'False'
[2025-05-24 23:11:44Z INFO ProcessInvokerWrapper] Process started with process id 4630, waiting for process exit.
[2025-05-24 23:11:44Z INFO JobServerQueue] Try to append 1 batches web console lines for record 'deb8f483-5bd9-4dc5-9f2e-040274a0f623', success rate: 1/1.
[2025-05-24 23:11:45Z INFO JobServerQueue] Got a step log file to send to results service.
[2025-05-24 23:11:45Z INFO JobServerQueue] Starting upload of step log file to results service ResultsLog, /Users/nadav/github_action/github-action/actions-runner/_diag/blocks/8820c139-9cfe-469a-aeb1-0f2a9ced2469_e45644cd-809b-4a60-8fef-9e9d173013e4.1
[2025-05-24 23:11:45Z INFO JobServerQueue] Try to upload 1 log files or attachments, success rate: 1/1.
[2025-05-24 23:11:46Z INFO JobServerQueue] Try to append 1 batches web console lines for record 'deb8f483-5bd9-4dc5-9f2e-040274a0f623', success rate: 1/1.
[2025-05-24 23:11:46Z INFO AddMaskCommandExtension] Add new secret mask with length of 76
[2025-05-24 23:11:46Z INFO JobServerQueue] Try to append 1 batches web console lines for record 'deb8f483-5bd9-4dc5-9f2e-040274a0f623', success rate: 1/1.
[2025-05-24 23:11:47Z INFO JobServerQueue] Try to append 1 batches web console lines for record 'deb8f483-5bd9-4dc5-9f2e-040274a0f623', success rate: 1/1.
[2025-05-24 23:11:47Z INFO JobServerQueue] Tried to upload 1 file(s) to results, success rate: 1/1.
[2025-05-24 23:11:47Z INFO JobServerQueue] Try to append 1 batches web console lines for record 'deb8f483-5bd9-4dc5-9f2e-040274a0f623', success rate: 1/1.
[2025-05-24 23:11:48Z INFO JobServerQueue] Try to append 1 batches web console lines for record 'deb8f483-5bd9-4dc5-9f2e-040274a0f623', success rate: 1/1.
[2025-05-24 23:11:48Z INFO ProcessInvokerWrapper] STDOUT/STDERR stream read finished.
[2025-05-24 23:11:48Z INFO ProcessInvokerWrapper] STDOUT/STDERR stream read finished.
[2025-05-24 23:11:48Z INFO ProcessInvokerWrapper] Finished process 4630 with exit code 0, and elapsed time 00:00:04.0020573.
[2025-05-24 23:11:48Z INFO CreateStepSummaryCommand] Step Summary file (/Users/nadav/github_action/github-action/actions-runner/_work/_temp/_runner_file_commands/step_summary_d655e603-ccb8-4162-a18a-336cb6c49f96) is empty; skipping attachment upload
[2025-05-24 23:11:48Z INFO StepsRunner] Step result: 
[2025-05-24 23:11:48Z INFO ExecutionContext] Publish step telemetry for current step {
  "action": "actions/checkout",
  "ref": "v3",
  "type": "node20",
  "stage": "Main",
  "stepId": "deb8f483-5bd9-4dc5-9f2e-040274a0f623",
  "stepContextName": "__actions_checkout",
  "hasPreStep": false,
  "hasPostStep": true,
  "result": "succeeded",
  "errorMessages": [],
  "executionTimeInSeconds": 5,
  "startTime": "2025-05-24T23:11:44.628163Z",
  "finishTime": "2025-05-24T23:11:48.817462Z"
}.
[2025-05-24 23:11:48Z INFO StepsRunner] No need for updating job result with current step result 'Succeeded'.
[2025-05-24 23:11:48Z INFO StepsRunner] Current state: job state = ''
[2025-05-24 23:11:48Z INFO StepsRunner] Processing step: DisplayName='Set KUBECONFIG'
[2025-05-24 23:11:48Z INFO StepsRunner] Evaluating: success()
[2025-05-24 23:11:48Z INFO StepsRunner] Result: true
[2025-05-24 23:11:48Z INFO StepsRunner] Starting the step.
[2025-05-24 23:11:48Z INFO HostContext] Well known directory 'Bin': '/Users/nadav/github_action/github-action/actions-runner/bin'
[2025-05-24 23:11:48Z INFO HostContext] Well known directory 'Root': '/Users/nadav/github_action/github-action/actions-runner'
[2025-05-24 23:11:48Z INFO HostContext] Well known directory 'Work': '/Users/nadav/github_action/github-action/actions-runner/_work'
[2025-05-24 23:11:48Z INFO HostContext] Well known directory 'Temp': '/Users/nadav/github_action/github-action/actions-runner/_work/_temp'
[2025-05-24 23:11:48Z INFO ExecutionContext] Write event payload to /Users/nadav/github_action/github-action/actions-runner/_work/_temp/_github_workflow/event.json
[2025-05-24 23:11:48Z INFO HostContext] Well known directory 'Bin': '/Users/nadav/github_action/github-action/actions-runner/bin'
[2025-05-24 23:11:48Z INFO HostContext] Well known directory 'Root': '/Users/nadav/github_action/github-action/actions-runner'
[2025-05-24 23:11:48Z INFO HostContext] Well known directory 'Work': '/Users/nadav/github_action/github-action/actions-runner/_work'
[2025-05-24 23:11:48Z INFO HostContext] Well known directory 'Temp': '/Users/nadav/github_action/github-action/actions-runner/_work/_temp'
[2025-05-24 23:11:48Z INFO ExtensionManager] Getting extensions for interface: 'GitHub.Runner.Worker.IFileCommandExtension'
[2025-05-24 23:11:48Z INFO ExtensionManager] Getting extensions for interface: 'GitHub.Runner.Worker.IActionCommandExtension'
[2025-05-24 23:11:48Z INFO ActionCommandManager] Register action command extension for command internal-set-repo-path
[2025-05-24 23:11:48Z INFO ActionCommandManager] Register action command extension for command set-env
[2025-05-24 23:11:48Z INFO ActionCommandManager] Register action command extension for command set-output
[2025-05-24 23:11:48Z INFO ActionCommandManager] Register action command extension for command save-state
[2025-05-24 23:11:48Z INFO ActionCommandManager] Register action command extension for command add-path
[2025-05-24 23:11:48Z INFO ActionCommandManager] Register action command extension for command add-mask
[2025-05-24 23:11:48Z INFO ActionCommandManager] Register action command extension for command add-matcher
[2025-05-24 23:11:48Z INFO ActionCommandManager] Register action command extension for command remove-matcher
[2025-05-24 23:11:48Z INFO ActionCommandManager] Register action command extension for command warning
[2025-05-24 23:11:48Z INFO ActionCommandManager] Register action command extension for command error
[2025-05-24 23:11:48Z INFO ActionCommandManager] Register action command extension for command notice
[2025-05-24 23:11:48Z INFO ActionCommandManager] Register action command extension for command debug
[2025-05-24 23:11:48Z INFO ActionCommandManager] Register action command extension for command group
[2025-05-24 23:11:48Z INFO ActionCommandManager] Register action command extension for command endgroup
[2025-05-24 23:11:48Z INFO ActionCommandManager] Register action command extension for command echo
[2025-05-24 23:11:48Z INFO ScriptHandler] Which2: 'bash'
[2025-05-24 23:11:48Z INFO ScriptHandler] Location: '/usr/local/bin/bash'
[2025-05-24 23:11:48Z INFO HostContext] Well known directory 'Bin': '/Users/nadav/github_action/github-action/actions-runner/bin'
[2025-05-24 23:11:48Z INFO HostContext] Well known directory 'Root': '/Users/nadav/github_action/github-action/actions-runner'
[2025-05-24 23:11:48Z INFO HostContext] Well known directory 'Work': '/Users/nadav/github_action/github-action/actions-runner/_work'
[2025-05-24 23:11:48Z INFO HostContext] Well known directory 'Temp': '/Users/nadav/github_action/github-action/actions-runner/_work/_temp'
[2025-05-24 23:11:48Z INFO ScriptHandler] Which2: 'bash'
[2025-05-24 23:11:48Z INFO ScriptHandler] Location: '/usr/local/bin/bash'
[2025-05-24 23:11:48Z INFO ProcessInvokerWrapper] Starting process:
[2025-05-24 23:11:48Z INFO ProcessInvokerWrapper]   File name: '/usr/local/bin/bash'
[2025-05-24 23:11:48Z INFO ProcessInvokerWrapper]   Arguments: '-e /Users/nadav/github_action/github-action/actions-runner/_work/_temp/e5c2a9ea-d242-4805-8664-d1c8648ff8a8.sh'
[2025-05-24 23:11:48Z INFO ProcessInvokerWrapper]   Working directory: '/Users/nadav/github_action/github-action/actions-runner/_work/github-action/github-action'
[2025-05-24 23:11:48Z INFO ProcessInvokerWrapper]   Require exit code zero: 'False'
[2025-05-24 23:11:48Z INFO ProcessInvokerWrapper]   Encoding web name:  ; code page: ''
[2025-05-24 23:11:48Z INFO ProcessInvokerWrapper]   Force kill process on cancellation: 'False'
[2025-05-24 23:11:48Z INFO ProcessInvokerWrapper]   Redirected STDIN: 'False'
[2025-05-24 23:11:48Z INFO ProcessInvokerWrapper]   Persist current code page: 'False'
[2025-05-24 23:11:48Z INFO ProcessInvokerWrapper]   Keep redirected STDIN open: 'False'
[2025-05-24 23:11:48Z INFO ProcessInvokerWrapper]   High priority process: 'False'
[2025-05-24 23:11:48Z INFO ProcessInvokerWrapper] Process started with process id 4742, waiting for process exit.
[2025-05-24 23:11:48Z INFO ProcessInvokerWrapper] STDOUT/STDERR stream read finished.
[2025-05-24 23:11:48Z INFO ProcessInvokerWrapper] STDOUT/STDERR stream read finished.
[2025-05-24 23:11:48Z INFO ProcessInvokerWrapper] Finished process 4742 with exit code 0, and elapsed time 00:00:00.0177915.
[2025-05-24 23:11:48Z INFO CreateStepSummaryCommand] Step Summary file (/Users/nadav/github_action/github-action/actions-runner/_work/_temp/_runner_file_commands/step_summary_a9775468-1d73-4a80-b2ac-5afc5fc3f0cd) is empty; skipping attachment upload
[2025-05-24 23:11:48Z INFO StepsRunner] Step result: 
[2025-05-24 23:11:48Z INFO ExecutionContext] Publish step telemetry for current step {
  "action": "sh",
  "type": "run",
  "stage": "Main",
  "stepId": "d134ae06-8ee4-4d2f-9bfb-b5957ce52f2b",
  "stepContextName": "__run",
  "result": "succeeded",
  "errorMessages": [],
  "executionTimeInSeconds": 1,
  "startTime": "2025-05-24T23:11:48.818836Z",
  "finishTime": "2025-05-24T23:11:48.857616Z"
}.
[2025-05-24 23:11:48Z INFO StepsRunner] No need for updating job result with current step result 'Succeeded'.
[2025-05-24 23:11:48Z INFO StepsRunner] Current state: job state = ''
[2025-05-24 23:11:48Z INFO StepsRunner] Processing step: DisplayName='Run kubectl command'
[2025-05-24 23:11:48Z INFO StepsRunner] Evaluating: success()
[2025-05-24 23:11:48Z INFO StepsRunner] Result: true
[2025-05-24 23:11:48Z INFO StepsRunner] Starting the step.
[2025-05-24 23:11:48Z INFO HostContext] Well known directory 'Bin': '/Users/nadav/github_action/github-action/actions-runner/bin'
[2025-05-24 23:11:48Z INFO HostContext] Well known directory 'Root': '/Users/nadav/github_action/github-action/actions-runner'
[2025-05-24 23:11:48Z INFO HostContext] Well known directory 'Work': '/Users/nadav/github_action/github-action/actions-runner/_work'
[2025-05-24 23:11:48Z INFO HostContext] Well known directory 'Temp': '/Users/nadav/github_action/github-action/actions-runner/_work/_temp'
[2025-05-24 23:11:48Z INFO ExecutionContext] Write event payload to /Users/nadav/github_action/github-action/actions-runner/_work/_temp/_github_workflow/event.json
[2025-05-24 23:11:48Z INFO HostContext] Well known directory 'Bin': '/Users/nadav/github_action/github-action/actions-runner/bin'
[2025-05-24 23:11:48Z INFO HostContext] Well known directory 'Root': '/Users/nadav/github_action/github-action/actions-runner'
[2025-05-24 23:11:48Z INFO HostContext] Well known directory 'Work': '/Users/nadav/github_action/github-action/actions-runner/_work'
[2025-05-24 23:11:48Z INFO HostContext] Well known directory 'Temp': '/Users/nadav/github_action/github-action/actions-runner/_work/_temp'
[2025-05-24 23:11:48Z INFO ExtensionManager] Getting extensions for interface: 'GitHub.Runner.Worker.IFileCommandExtension'
[2025-05-24 23:11:48Z INFO ExtensionManager] Getting extensions for interface: 'GitHub.Runner.Worker.IActionCommandExtension'
[2025-05-24 23:11:48Z INFO ActionCommandManager] Register action command extension for command internal-set-repo-path
[2025-05-24 23:11:48Z INFO ActionCommandManager] Register action command extension for command set-env
[2025-05-24 23:11:48Z INFO ActionCommandManager] Register action command extension for command set-output
[2025-05-24 23:11:48Z INFO ActionCommandManager] Register action command extension for command save-state
[2025-05-24 23:11:48Z INFO ActionCommandManager] Register action command extension for command add-path
[2025-05-24 23:11:48Z INFO ActionCommandManager] Register action command extension for command add-mask
[2025-05-24 23:11:48Z INFO ActionCommandManager] Register action command extension for command add-matcher
[2025-05-24 23:11:48Z INFO ActionCommandManager] Register action command extension for command remove-matcher
[2025-05-24 23:11:48Z INFO ActionCommandManager] Register action command extension for command warning
[2025-05-24 23:11:48Z INFO ActionCommandManager] Register action command extension for command error
[2025-05-24 23:11:48Z INFO ActionCommandManager] Register action command extension for command notice
[2025-05-24 23:11:48Z INFO ActionCommandManager] Register action command extension for command debug
[2025-05-24 23:11:48Z INFO ActionCommandManager] Register action command extension for command group
[2025-05-24 23:11:48Z INFO ActionCommandManager] Register action command extension for command endgroup
[2025-05-24 23:11:48Z INFO ActionCommandManager] Register action command extension for command echo
[2025-05-24 23:11:48Z INFO ScriptHandler] Which2: 'bash'
[2025-05-24 23:11:48Z INFO ScriptHandler] Location: '/usr/local/bin/bash'
[2025-05-24 23:11:48Z INFO HostContext] Well known directory 'Bin': '/Users/nadav/github_action/github-action/actions-runner/bin'
[2025-05-24 23:11:48Z INFO HostContext] Well known directory 'Root': '/Users/nadav/github_action/github-action/actions-runner'
[2025-05-24 23:11:48Z INFO HostContext] Well known directory 'Work': '/Users/nadav/github_action/github-action/actions-runner/_work'
[2025-05-24 23:11:48Z INFO HostContext] Well known directory 'Temp': '/Users/nadav/github_action/github-action/actions-runner/_work/_temp'
[2025-05-24 23:11:48Z INFO ScriptHandler] Which2: 'bash'
[2025-05-24 23:11:48Z INFO ScriptHandler] Location: '/usr/local/bin/bash'
[2025-05-24 23:11:48Z INFO ProcessInvokerWrapper] Starting process:
[2025-05-24 23:11:48Z INFO ProcessInvokerWrapper]   File name: '/usr/local/bin/bash'
[2025-05-24 23:11:48Z INFO ProcessInvokerWrapper]   Arguments: '-e /Users/nadav/github_action/github-action/actions-runner/_work/_temp/c5125856-6373-40bd-9b5e-015c0ef82c06.sh'
[2025-05-24 23:11:48Z INFO ProcessInvokerWrapper]   Working directory: '/Users/nadav/github_action/github-action/actions-runner/_work/github-action/github-action'
[2025-05-24 23:11:48Z INFO ProcessInvokerWrapper]   Require exit code zero: 'False'
[2025-05-24 23:11:48Z INFO ProcessInvokerWrapper]   Encoding web name:  ; code page: ''
[2025-05-24 23:11:48Z INFO ProcessInvokerWrapper]   Force kill process on cancellation: 'False'
[2025-05-24 23:11:48Z INFO ProcessInvokerWrapper]   Redirected STDIN: 'False'
[2025-05-24 23:11:48Z INFO ProcessInvokerWrapper]   Persist current code page: 'False'
[2025-05-24 23:11:48Z INFO ProcessInvokerWrapper]   Keep redirected STDIN open: 'False'
[2025-05-24 23:11:48Z INFO ProcessInvokerWrapper]   High priority process: 'False'
[2025-05-24 23:11:48Z INFO ProcessInvokerWrapper] Process started with process id 4743, waiting for process exit.
[2025-05-24 23:11:48Z INFO JobServerQueue] Try to append 1 batches web console lines for record 'deb8f483-5bd9-4dc5-9f2e-040274a0f623', success rate: 1/1.
[2025-05-24 23:11:48Z INFO JobServerQueue] Try to append 1 batches web console lines for record 'd134ae06-8ee4-4d2f-9bfb-b5957ce52f2b', success rate: 1/1.
[2025-05-24 23:11:48Z INFO JobServerQueue] Try to append 1 batches web console lines for record 'fbaf994c-5d9b-4981-b1cc-71927c3b6764', success rate: 1/1.
[2025-05-24 23:11:49Z INFO JobServerQueue] Try to upload 2 log files or attachments, success rate: 2/2.
[2025-05-24 23:11:49Z INFO ProcessInvokerWrapper] STDOUT/STDERR stream read finished.
[2025-05-24 23:11:49Z INFO ProcessInvokerWrapper] STDOUT/STDERR stream read finished.
[2025-05-24 23:11:49Z INFO ProcessInvokerWrapper] Finished process 4743 with exit code 0, and elapsed time 00:00:00.3066052.
[2025-05-24 23:11:49Z INFO CreateStepSummaryCommand] Step Summary file (/Users/nadav/github_action/github-action/actions-runner/_work/_temp/_runner_file_commands/step_summary_715f35db-4429-47dd-a909-b243f30f87d1) is empty; skipping attachment upload
[2025-05-24 23:11:49Z INFO StepsRunner] Step result: 
[2025-05-24 23:11:49Z INFO ExecutionContext] Publish step telemetry for current step {
  "action": "sh",
  "type": "run",
  "stage": "Main",
  "stepId": "fbaf994c-5d9b-4981-b1cc-71927c3b6764",
  "stepContextName": "__run_2",
  "result": "succeeded",
  "errorMessages": [],
  "executionTimeInSeconds": 1,
  "startTime": "2025-05-24T23:11:48.858683Z",
  "finishTime": "2025-05-24T23:11:49.177415Z"
}.
[2025-05-24 23:11:49Z INFO StepsRunner] No need for updating job result with current step result 'Succeeded'.
[2025-05-24 23:11:49Z INFO StepsRunner] Current state: job state = ''
[2025-05-24 23:11:49Z INFO StepsRunner] Processing step: DisplayName='Post Checkout code'
[2025-05-24 23:11:49Z INFO StepsRunner] Evaluating: always()
[2025-05-24 23:11:49Z INFO StepsRunner] Result: true
[2025-05-24 23:11:49Z INFO StepsRunner] Starting the step.
[2025-05-24 23:11:49Z INFO HostContext] Well known directory 'Bin': '/Users/nadav/github_action/github-action/actions-runner/bin'
[2025-05-24 23:11:49Z INFO HostContext] Well known directory 'Root': '/Users/nadav/github_action/github-action/actions-runner'
[2025-05-24 23:11:49Z INFO HostContext] Well known directory 'Work': '/Users/nadav/github_action/github-action/actions-runner/_work'
[2025-05-24 23:11:49Z INFO HostContext] Well known directory 'Actions': '/Users/nadav/github_action/github-action/actions-runner/_work/_actions'
[2025-05-24 23:11:49Z INFO ActionManager] Load action that reference repository from '/Users/nadav/github_action/github-action/actions-runner/_work/_actions/actions/checkout/v3'
[2025-05-24 23:11:49Z INFO HostContext] Well known directory 'Bin': '/Users/nadav/github_action/github-action/actions-runner/bin'
[2025-05-24 23:11:49Z INFO HostContext] Well known directory 'Root': '/Users/nadav/github_action/github-action/actions-runner'
[2025-05-24 23:11:49Z INFO HostContext] Well known directory 'Work': '/Users/nadav/github_action/github-action/actions-runner/_work'
[2025-05-24 23:11:49Z INFO HostContext] Well known directory 'Actions': '/Users/nadav/github_action/github-action/actions-runner/_work/_actions'
[2025-05-24 23:11:49Z INFO ActionManifestManager] Loaded action.yml file: {
  "name": "Checkout",
  "description": "Checkout a Git repository at a particular version",
  "inputs": {
    "type": 2,
    "map": [
      {
        "key": {
          "type": 0,
          "file": 2,
          "line": 4,
          "col": 3,
          "lit": "repository"
        },
        "value": {
          "type": 3,
          "file": 2,
          "line": 6,
          "col": 14,
          "expr": "github.repository"
        }
      },
      {
        "key": {
          "type": 0,
          "file": 2,
          "line": 7,
          "col": 3,
          "lit": "ref"
        },
        "value": ""
      },
      {
        "key": {
          "type": 0,
          "file": 2,
          "line": 12,
          "col": 3,
          "lit": "token"
        },
        "value": {
          "type": 3,
          "file": 2,
          "line": 24,
          "col": 14,
          "expr": "github.token"
        }
      },
      {
        "key": {
          "type": 0,
          "file": 2,
          "line": 25,
          "col": 3,
          "lit": "ssh-key"
        },
        "value": ""
      },
      {
        "key": {
          "type": 0,
          "file": 2,
          "line": 37,
          "col": 3,
          "lit": "ssh-known-hosts"
        },
        "value": ""
      },
      {
        "key": {
          "type": 0,
          "file": 2,
          "line": 42,
          "col": 3,
          "lit": "ssh-strict"
        },
        "value": {
          "type": 0,
          "file": 2,
          "line": 47,
          "col": 14,
          "lit": "true"
        }
      },
      {
        "key": {
          "type": 0,
          "file": 2,
          "line": 48,
          "col": 3,
          "lit": "persist-credentials"
        },
        "value": {
          "type": 0,
          "file": 2,
          "line": 50,
          "col": 14,
          "lit": "true"
        }
      },
      {
        "key": {
          "type": 0,
          "file": 2,
          "line": 51,
          "col": 3,
          "lit": "path"
        },
        "value": ""
      },
      {
        "key": {
          "type": 0,
          "file": 2,
          "line": 53,
          "col": 3,
          "lit": "clean"
        },
        "value": {
          "type": 0,
          "file": 2,
          "line": 55,
          "col": 14,
          "lit": "true"
        }
      },
      {
        "key": {
          "type": 0,
          "file": 2,
          "line": 56,
          "col": 3,
          "lit": "sparse-checkout"
        },
        "value": {
          "type": 0,
          "file": 2,
          "line": 60,
          "col": 14,
          "lit": ""
        }
      },
      {
        "key": {
          "type": 0,
          "file": 2,
          "line": 61,
          "col": 3,
          "lit": "sparse-checkout-cone-mode"
        },
        "value": {
          "type": 0,
          "file": 2,
          "line": 64,
          "col": 14,
          "lit": "true"
        }
      },
      {
        "key": {
          "type": 0,
          "file": 2,
          "line": 65,
          "col": 3,
          "lit": "fetch-depth"
        },
        "value": {
          "type": 0,
          "file": 2,
          "line": 67,
          "col": 14,
          "lit": "1"
        }
      },
      {
        "key": {
          "type": 0,
          "file": 2,
          "line": 68,
          "col": 3,
          "lit": "fetch-tags"
        },
        "value": {
          "type": 0,
          "file": 2,
          "line": 70,
          "col": 14,
          "lit": "false"
        }
      },
      {
        "key": {
          "type": 0,
          "file": 2,
          "line": 71,
          "col": 3,
          "lit": "lfs"
        },
        "value": {
          "type": 0,
          "file": 2,
          "line": 73,
          "col": 14,
          "lit": "false"
        }
      },
      {
        "key": {
          "type": 0,
          "file": 2,
          "line": 74,
          "col": 3,
          "lit": "submodules"
        },
        "value": {
          "type": 0,
          "file": 2,
          "line": 82,
          "col": 14,
          "lit": "false"
        }
      },
      {
        "key": {
          "type": 0,
          "file": 2,
          "line": 83,
          "col": 3,
          "lit": "set-safe-directory"
        },
        "value": {
          "type": 0,
          "file": 2,
          "line": 85,
          "col": 14,
          "lit": "true"
        }
      },
      {
        "key": {
          "type": 0,
          "file": 2,
          "line": 86,
          "col": 3,
          "lit": "github-server-url"
        },
        "value": ""
      }
    ]
  },
  "execution": {
    "executionType": "nodeJS",
    "hasPre": false,
    "hasPost": true,
    "script": "dist/index.js",
    "pre": null,
    "post": "dist/index.js",
    "nodeVersion": "node16",
    "cleanupCondition": "always()",
    "initCondition": "always()"
  },
  "deprecated": null
}
[2025-05-24 23:11:49Z INFO ActionManager] Action pre node.js file: N/A.
[2025-05-24 23:11:49Z INFO ActionManager] Action node.js file: dist/index.js.
[2025-05-24 23:11:49Z INFO ActionManager] Action post node.js file: dist/index.js.
[2025-05-24 23:11:49Z INFO HostContext] Well known directory 'Bin': '/Users/nadav/github_action/github-action/actions-runner/bin'
[2025-05-24 23:11:49Z INFO HostContext] Well known directory 'Root': '/Users/nadav/github_action/github-action/actions-runner'
[2025-05-24 23:11:49Z INFO HostContext] Well known directory 'Work': '/Users/nadav/github_action/github-action/actions-runner/_work'
[2025-05-24 23:11:49Z INFO HostContext] Well known directory 'Temp': '/Users/nadav/github_action/github-action/actions-runner/_work/_temp'
[2025-05-24 23:11:49Z INFO ExecutionContext] Write event payload to /Users/nadav/github_action/github-action/actions-runner/_work/_temp/_github_workflow/event.json
[2025-05-24 23:11:49Z INFO HostContext] Well known directory 'Bin': '/Users/nadav/github_action/github-action/actions-runner/bin'
[2025-05-24 23:11:49Z INFO HostContext] Well known directory 'Root': '/Users/nadav/github_action/github-action/actions-runner'
[2025-05-24 23:11:49Z INFO HostContext] Well known directory 'Work': '/Users/nadav/github_action/github-action/actions-runner/_work'
[2025-05-24 23:11:49Z INFO HostContext] Well known directory 'Temp': '/Users/nadav/github_action/github-action/actions-runner/_work/_temp'
[2025-05-24 23:11:49Z INFO ExtensionManager] Getting extensions for interface: 'GitHub.Runner.Worker.IFileCommandExtension'
[2025-05-24 23:11:49Z INFO ActionManifestManager] Input 'repository': default value evaluate result: {
  "type": 0,
  "file": 2,
  "line": 6,
  "col": 14,
  "lit": "Danielnadav/github-action"
}
[2025-05-24 23:11:49Z INFO ActionManifestManager] Input 'ref': default value evaluate result: ""
[2025-05-24 23:11:49Z INFO ActionManifestManager] Input 'token': default value evaluate result: {
  "type": 0,
  "file": 2,
  "line": 24,
  "col": 14,
  "lit": "***"
}
[2025-05-24 23:11:49Z INFO ActionManifestManager] Input 'ssh-key': default value evaluate result: ""
[2025-05-24 23:11:49Z INFO ActionManifestManager] Input 'ssh-known-hosts': default value evaluate result: ""
[2025-05-24 23:11:49Z INFO ActionManifestManager] Input 'ssh-strict': default value evaluate result: {
  "type": 0,
  "file": 2,
  "line": 47,
  "col": 14,
  "lit": "true"
}
[2025-05-24 23:11:49Z INFO ActionManifestManager] Input 'persist-credentials': default value evaluate result: {
  "type": 0,
  "file": 2,
  "line": 50,
  "col": 14,
  "lit": "true"
}
[2025-05-24 23:11:49Z INFO ActionManifestManager] Input 'path': default value evaluate result: ""
[2025-05-24 23:11:49Z INFO ActionManifestManager] Input 'clean': default value evaluate result: {
  "type": 0,
  "file": 2,
  "line": 55,
  "col": 14,
  "lit": "true"
}
[2025-05-24 23:11:49Z INFO ActionManifestManager] Input 'sparse-checkout': default value evaluate result: {
  "type": 0,
  "file": 2,
  "line": 60,
  "col": 14,
  "lit": ""
}
[2025-05-24 23:11:49Z INFO ActionManifestManager] Input 'sparse-checkout-cone-mode': default value evaluate result: {
  "type": 0,
  "file": 2,
  "line": 64,
  "col": 14,
  "lit": "true"
}
[2025-05-24 23:11:49Z INFO ActionManifestManager] Input 'fetch-depth': default value evaluate result: {
  "type": 0,
  "file": 2,
  "line": 67,
  "col": 14,
  "lit": "1"
}
[2025-05-24 23:11:49Z INFO ActionManifestManager] Input 'fetch-tags': default value evaluate result: {
  "type": 0,
  "file": 2,
  "line": 70,
  "col": 14,
  "lit": "false"
}
[2025-05-24 23:11:49Z INFO ActionManifestManager] Input 'lfs': default value evaluate result: {
  "type": 0,
  "file": 2,
  "line": 73,
  "col": 14,
  "lit": "false"
}
[2025-05-24 23:11:49Z INFO ActionManifestManager] Input 'submodules': default value evaluate result: {
  "type": 0,
  "file": 2,
  "line": 82,
  "col": 14,
  "lit": "false"
}
[2025-05-24 23:11:49Z INFO ActionManifestManager] Input 'set-safe-directory': default value evaluate result: {
  "type": 0,
  "file": 2,
  "line": 85,
  "col": 14,
  "lit": "true"
}
[2025-05-24 23:11:49Z INFO ActionManifestManager] Input 'github-server-url': default value evaluate result: ""
[2025-05-24 23:11:49Z INFO ExtensionManager] Getting extensions for interface: 'GitHub.Runner.Worker.IActionCommandExtension'
[2025-05-24 23:11:49Z INFO ActionCommandManager] Register action command extension for command internal-set-repo-path
[2025-05-24 23:11:49Z INFO ActionCommandManager] Register action command extension for command set-env
[2025-05-24 23:11:49Z INFO ActionCommandManager] Register action command extension for command set-output
[2025-05-24 23:11:49Z INFO ActionCommandManager] Register action command extension for command save-state
[2025-05-24 23:11:49Z INFO ActionCommandManager] Register action command extension for command add-path
[2025-05-24 23:11:49Z INFO ActionCommandManager] Register action command extension for command add-mask
[2025-05-24 23:11:49Z INFO ActionCommandManager] Register action command extension for command add-matcher
[2025-05-24 23:11:49Z INFO ActionCommandManager] Register action command extension for command remove-matcher
[2025-05-24 23:11:49Z INFO ActionCommandManager] Register action command extension for command warning
[2025-05-24 23:11:49Z INFO ActionCommandManager] Register action command extension for command error
[2025-05-24 23:11:49Z INFO ActionCommandManager] Register action command extension for command notice
[2025-05-24 23:11:49Z INFO ActionCommandManager] Register action command extension for command debug
[2025-05-24 23:11:49Z INFO ActionCommandManager] Register action command extension for command group
[2025-05-24 23:11:49Z INFO ActionCommandManager] Register action command extension for command endgroup
[2025-05-24 23:11:49Z INFO ActionCommandManager] Register action command extension for command echo
[2025-05-24 23:11:49Z INFO HostContext] Well known directory 'Bin': '/Users/nadav/github_action/github-action/actions-runner/bin'
[2025-05-24 23:11:49Z INFO HostContext] Well known directory 'Root': '/Users/nadav/github_action/github-action/actions-runner'
[2025-05-24 23:11:49Z INFO HostContext] Well known directory 'Externals': '/Users/nadav/github_action/github-action/actions-runner/externals'
[2025-05-24 23:11:49Z INFO ProcessInvokerWrapper] Starting process:
[2025-05-24 23:11:49Z INFO ProcessInvokerWrapper]   File name: '/Users/nadav/github_action/github-action/actions-runner/externals/node20/bin/node'
[2025-05-24 23:11:49Z INFO ProcessInvokerWrapper]   Arguments: '"/Users/nadav/github_action/github-action/actions-runner/_work/_actions/actions/checkout/v3/dist/index.js"'
[2025-05-24 23:11:49Z INFO ProcessInvokerWrapper]   Working directory: '/Users/nadav/github_action/github-action/actions-runner/_work/github-action/github-action'
[2025-05-24 23:11:49Z INFO ProcessInvokerWrapper]   Require exit code zero: 'False'
[2025-05-24 23:11:49Z INFO ProcessInvokerWrapper]   Encoding web name:  ; code page: ''
[2025-05-24 23:11:49Z INFO ProcessInvokerWrapper]   Force kill process on cancellation: 'False'
[2025-05-24 23:11:49Z INFO ProcessInvokerWrapper]   Redirected STDIN: 'False'
[2025-05-24 23:11:49Z INFO ProcessInvokerWrapper]   Persist current code page: 'False'
[2025-05-24 23:11:49Z INFO ProcessInvokerWrapper]   Keep redirected STDIN open: 'False'
[2025-05-24 23:11:49Z INFO ProcessInvokerWrapper]   High priority process: 'False'
[2025-05-24 23:11:49Z INFO ProcessInvokerWrapper] Process started with process id 4758, waiting for process exit.
[2025-05-24 23:11:49Z INFO AddMaskCommandExtension] Add new secret mask with length of 32
[2025-05-24 23:11:49Z INFO JobServerQueue] Try to append 1 batches web console lines for record 'fbaf994c-5d9b-4981-b1cc-71927c3b6764', success rate: 1/1.
[2025-05-24 23:11:49Z INFO JobServerQueue] Try to append 1 batches web console lines for record 'f5e0a27f-1858-4177-b0bf-a5335b4116d7', success rate: 1/1.
[2025-05-24 23:11:49Z INFO JobServerQueue] Got a step log file to send to results service.
[2025-05-24 23:11:49Z INFO JobServerQueue] Starting upload of step log file to results service ResultsLog, /Users/nadav/github_action/github-action/actions-runner/_diag/blocks/8820c139-9cfe-469a-aeb1-0f2a9ced2469_deb8f483-5bd9-4dc5-9f2e-040274a0f623.1
[2025-05-24 23:11:49Z INFO JobServerQueue] Try to append 1 batches web console lines for record 'f5e0a27f-1858-4177-b0bf-a5335b4116d7', success rate: 1/1.
[2025-05-24 23:11:49Z INFO ProcessInvokerWrapper] STDOUT/STDERR stream read finished.
[2025-05-24 23:11:49Z INFO ProcessInvokerWrapper] STDOUT/STDERR stream read finished.
[2025-05-24 23:11:49Z INFO ProcessInvokerWrapper] Finished process 4758 with exit code 0, and elapsed time 00:00:00.5493559.
[2025-05-24 23:11:49Z INFO CreateStepSummaryCommand] Step Summary file (/Users/nadav/github_action/github-action/actions-runner/_work/_temp/_runner_file_commands/step_summary_7d7fb93c-a57c-4b1f-86d7-cfbfc56a804d) is empty; skipping attachment upload
[2025-05-24 23:11:49Z INFO StepsRunner] Step result: 
[2025-05-24 23:11:49Z INFO ExecutionContext] Publish step telemetry for current step {
  "action": "actions/checkout",
  "ref": "v3",
  "type": "node20",
  "stage": "Post",
  "stepId": "f5e0a27f-1858-4177-b0bf-a5335b4116d7",
  "result": "succeeded",
  "errorMessages": [],
  "executionTimeInSeconds": 1,
  "startTime": "2025-05-24T23:11:49.178273Z",
  "finishTime": "2025-05-24T23:11:49.739736Z"
}.
[2025-05-24 23:11:49Z INFO StepsRunner] No need for updating job result with current step result 'Succeeded'.
[2025-05-24 23:11:49Z INFO StepsRunner] Current state: job state = ''
[2025-05-24 23:11:49Z INFO JobRunner] Finalize job.
[2025-05-24 23:11:49Z INFO HostContext] Well known directory 'Bin': '/Users/nadav/github_action/github-action/actions-runner/bin'
[2025-05-24 23:11:49Z INFO HostContext] Well known directory 'Root': '/Users/nadav/github_action/github-action/actions-runner'
[2025-05-24 23:11:49Z INFO HostContext] Well known directory 'Diag': '/Users/nadav/github_action/github-action/actions-runner/_diag'
[2025-05-24 23:11:49Z INFO HostContext] Well known directory 'Bin': '/Users/nadav/github_action/github-action/actions-runner/bin'
[2025-05-24 23:11:49Z INFO HostContext] Well known directory 'Root': '/Users/nadav/github_action/github-action/actions-runner'
[2025-05-24 23:11:49Z INFO HostContext] Well known directory 'Diag': '/Users/nadav/github_action/github-action/actions-runner/_diag'
[2025-05-24 23:11:49Z INFO JobExtension] Initialize Env context
[2025-05-24 23:11:49Z INFO JobExtension] Initialize steps context
[2025-05-24 23:11:49Z INFO JobExtension] Total accessible running process: 480.
[2025-05-24 23:11:49Z INFO JobExtension] Inspecting process environment variables. PID: 4631 (mdworker_shared)
[2025-05-24 23:11:49Z INFO LinuxProcessExtensions] Read env from output of `ps e -p 4631 -o command`
[2025-05-24 23:11:49Z INFO HostContext] Well known directory 'Bin': '/Users/nadav/github_action/github-action/actions-runner/bin'
[2025-05-24 23:11:49Z INFO HostContext] Well known directory 'Root': '/Users/nadav/github_action/github-action/actions-runner'
[2025-05-24 23:11:49Z INFO ProcessInvokerWrapper] Starting process:
[2025-05-24 23:11:49Z INFO ProcessInvokerWrapper]   File name: 'ps'
[2025-05-24 23:11:49Z INFO ProcessInvokerWrapper]   Arguments: 'e -p 4631 -o command'
[2025-05-24 23:11:49Z INFO ProcessInvokerWrapper]   Working directory: '/Users/nadav/github_action/github-action/actions-runner'
[2025-05-24 23:11:49Z INFO ProcessInvokerWrapper]   Require exit code zero: 'False'
[2025-05-24 23:11:49Z INFO ProcessInvokerWrapper]   Encoding web name:  ; code page: ''
[2025-05-24 23:11:49Z INFO ProcessInvokerWrapper]   Force kill process on cancellation: 'False'
[2025-05-24 23:11:49Z INFO ProcessInvokerWrapper]   Redirected STDIN: 'False'
[2025-05-24 23:11:49Z INFO ProcessInvokerWrapper]   Persist current code page: 'False'
[2025-05-24 23:11:49Z INFO ProcessInvokerWrapper]   Keep redirected STDIN open: 'False'
[2025-05-24 23:11:49Z INFO ProcessInvokerWrapper]   High priority process: 'False'
[2025-05-24 23:11:49Z INFO ProcessInvokerWrapper] Process started with process id 4842, waiting for process exit.
[2025-05-24 23:11:49Z INFO ProcessInvokerWrapper] STDOUT/STDERR stream read finished.
[2025-05-24 23:11:49Z INFO ProcessInvokerWrapper] STDOUT/STDERR stream read finished.
[2025-05-24 23:11:49Z INFO ProcessInvokerWrapper] Finished process 4842 with exit code 0, and elapsed time 00:00:00.0133944.
[2025-05-24 23:11:49Z INFO LinuxProcessExtensions] Successfully dump environment variables for 4631
[2025-05-24 23:11:49Z INFO JobExtension] Inspecting process environment variables. PID: 4629 (mdworker_shared)
[2025-05-24 23:11:49Z INFO LinuxProcessExtensions] Read env from output of `ps e -p 4629 -o command`
[2025-05-24 23:11:49Z INFO HostContext] Well known directory 'Bin': '/Users/nadav/github_action/github-action/actions-runner/bin'
[2025-05-24 23:11:49Z INFO HostContext] Well known directory 'Root': '/Users/nadav/github_action/github-action/actions-runner'
[2025-05-24 23:11:49Z INFO ProcessInvokerWrapper] Starting process:
[2025-05-24 23:11:49Z INFO ProcessInvokerWrapper]   File name: 'ps'
[2025-05-24 23:11:49Z INFO ProcessInvokerWrapper]   Arguments: 'e -p 4629 -o command'
[2025-05-24 23:11:49Z INFO ProcessInvokerWrapper]   Working directory: '/Users/nadav/github_action/github-action/actions-runner'
[2025-05-24 23:11:49Z INFO ProcessInvokerWrapper]   Require exit code zero: 'False'
[2025-05-24 23:11:49Z INFO ProcessInvokerWrapper]   Encoding web name:  ; code page: ''
[2025-05-24 23:11:49Z INFO ProcessInvokerWrapper]   Force kill process on cancellation: 'False'
[2025-05-24 23:11:49Z INFO ProcessInvokerWrapper]   Redirected STDIN: 'False'
[2025-05-24 23:11:49Z INFO ProcessInvokerWrapper]   Persist current code page: 'False'
[2025-05-24 23:11:49Z INFO ProcessInvokerWrapper]   Keep redirected STDIN open: 'False'
[2025-05-24 23:11:49Z INFO ProcessInvokerWrapper]   High priority process: 'False'
[2025-05-24 23:11:49Z INFO ProcessInvokerWrapper] Process started with process id 4843, waiting for process exit.
[2025-05-24 23:11:49Z INFO ProcessInvokerWrapper] STDOUT/STDERR stream read finished.
[2025-05-24 23:11:49Z INFO ProcessInvokerWrapper] STDOUT/STDERR stream read finished.
[2025-05-24 23:11:49Z INFO ProcessInvokerWrapper] Finished process 4843 with exit code 0, and elapsed time 00:00:00.0113139.
[2025-05-24 23:11:49Z INFO LinuxProcessExtensions] Successfully dump environment variables for 4629
[2025-05-24 23:11:49Z INFO ExecutionContext] Publish step telemetry for current step {
  "action": "complete_job",
  "type": "runner",
  "stage": "Post",
  "stepId": "077c66ce-6c58-4b35-9bad-97ec6e29da39",
  "result": "succeeded",
  "errorMessages": [],
  "executionTimeInSeconds": 1,
  "startTime": "2025-05-24T23:11:49.74568Z",
  "finishTime": "2025-05-24T23:11:49.795074Z"
}.
[2025-05-24 23:11:49Z INFO JobRunner] Job result after all job steps finish: Succeeded
[2025-05-24 23:11:49Z INFO JobRunner] Completing the job execution context.
[2025-05-24 23:11:49Z INFO JobRunner] Shutting down the job server queue.
[2025-05-24 23:11:49Z INFO JobServerQueue] Fire signal to shutdown all queues.
[2025-05-24 23:11:50Z INFO JobServerQueue] Got a step log file to send to results service.
[2025-05-24 23:11:50Z INFO JobServerQueue] Starting upload of step log file to results service ResultsLog, /Users/nadav/github_action/github-action/actions-runner/_diag/blocks/8820c139-9cfe-469a-aeb1-0f2a9ced2469_d134ae06-8ee4-4d2f-9bfb-b5957ce52f2b.1
[2025-05-24 23:11:50Z INFO JobServerQueue] Got a step log file to send to results service.
[2025-05-24 23:11:50Z INFO JobServerQueue] Starting upload of step log file to results service ResultsLog, /Users/nadav/github_action/github-action/actions-runner/_diag/blocks/8820c139-9cfe-469a-aeb1-0f2a9ced2469_fbaf994c-5d9b-4981-b1cc-71927c3b6764.1
[2025-05-24 23:11:51Z INFO JobServerQueue] Tried to upload 3 file(s) to results, success rate: 3/3.
[2025-05-24 23:11:52Z INFO JobServerQueue] All queue process task stopped.
[2025-05-24 23:11:52Z INFO JobServerQueue] Try to append 1 batches web console lines for record '077c66ce-6c58-4b35-9bad-97ec6e29da39', success rate: 1/1.
[2025-05-24 23:11:52Z INFO JobServerQueue] Web console line queue drained.
[2025-05-24 23:11:52Z INFO JobServerQueue] Uploading 4 files in one shot.
[2025-05-24 23:11:52Z INFO JobServerQueue] Try to upload 4 log files or attachments, success rate: 4/4.
[2025-05-24 23:11:52Z INFO JobServerQueue] File upload queue drained.
[2025-05-24 23:11:52Z INFO JobServerQueue] Starting results-based upload queue...
[2025-05-24 23:11:52Z INFO JobServerQueue] Uploading 3 file(s) in one shot through results service.
[2025-05-24 23:11:52Z INFO JobServerQueue] Got a step log file to send to results service.
[2025-05-24 23:11:52Z INFO JobServerQueue] Starting upload of step log file to results service ResultsLog, /Users/nadav/github_action/github-action/actions-runner/_diag/blocks/8820c139-9cfe-469a-aeb1-0f2a9ced2469_f5e0a27f-1858-4177-b0bf-a5335b4116d7.1
[2025-05-24 23:11:52Z INFO JobServerQueue] Got a step log file to send to results service.
[2025-05-24 23:11:52Z INFO JobServerQueue] Starting upload of step log file to results service ResultsLog, /Users/nadav/github_action/github-action/actions-runner/_diag/blocks/8820c139-9cfe-469a-aeb1-0f2a9ced2469_077c66ce-6c58-4b35-9bad-97ec6e29da39.1
[2025-05-24 23:11:53Z INFO JobServerQueue] Got a job log file to send to results service.
[2025-05-24 23:11:53Z INFO JobServerQueue] Starting upload of job log file to results service ResultsLog, /Users/nadav/github_action/github-action/actions-runner/_diag/blocks/8820c139-9cfe-469a-aeb1-0f2a9ced2469_aa425d6d-a2df-5e39-8546-5a657692d313.1
[2025-05-24 23:11:53Z INFO JobServerQueue] Tried to upload 3 file(s) to results, success rate: 3/3.
[2025-05-24 23:11:53Z INFO JobServerQueue] Results upload queue drained.
[2025-05-24 23:11:53Z INFO JobServerQueue] Timeline update queue drained.
[2025-05-24 23:11:53Z INFO JobServerQueue] Disposing job server ...
[2025-05-24 23:11:53Z INFO JobServerQueue] Disposing results server ...
[2025-05-24 23:11:53Z INFO JobServerQueue] All queue process tasks have been stopped, and all queues are drained.
[2025-05-24 23:11:53Z INFO TempDirectoryManager] Cleaning runner temp folder: /Users/nadav/github_action/github-action/actions-runner/_work/_temp
[2025-05-24 23:11:53Z INFO HostContext] Well known directory 'Bin': '/Users/nadav/github_action/github-action/actions-runner/bin'
[2025-05-24 23:11:53Z INFO HostContext] Well known directory 'Root': '/Users/nadav/github_action/github-action/actions-runner'
[2025-05-24 23:11:53Z INFO HostContext] Well known directory 'Diag': '/Users/nadav/github_action/github-action/actions-runner/_diag'
[2025-05-24 23:11:53Z INFO HostContext] Well known config file 'Telemetry': '/Users/nadav/github_action/github-action/actions-runner/_diag/.telemetry'
[2025-05-24 23:11:53Z INFO JobRunner] Raising job completed against run service
[2025-05-24 23:11:54Z INFO Worker] Job completed.
